{
  "timestamp": "20260302_224812",
  "equity": 100120.11,
  "peak_equity": 100120.11,
  "drawdown_pct": 0.0,
  "cash_balance": 80204.19,
  "realized_pnl": 0.0,
  "unrealized_pnl": 125.05,
  "fees_paid": 4.95,
  "turnover": 19790.86,
  "trades_count": 4,
  "realized_stats": {
    "win_rate_pct": 50.0,
    "expectancy_abs": 15.84,
    "expectancy_bps": 1.58,
    "profit_factor": 6.11,
    "sharpe": 11.32,
    "rolling_window": 4,
    "warnings": []
  },
  "target_compliance": {
    "win_rate_45_60": true,
    "profit_factor_gt_1_5": true,
    "sharpe_gt_1_8": true,
    "max_dd_lt_15": true,
    "expectancy_positive": true
  },
  "intelligence": {
    "volatility": 0.1811,
    "trend": -1,
    "regime": "LOW_VOLATILITY",
    "bias": "NEUTRAL"
  },
  "strategy_reports": [
    {
      "id": "core_momentum_v1",
      "name": "core_momentum_v1",
      "metrics": {
        "win_rate": 50.0,
        "expectancy": 0.0155,
        "avg_win": 0.7815,
        "avg_loss": 0.7505,
        "expectancy_rolling_100": 0.0342,
        "max_dd": 9.4604,
        "profit_factor": 1.0413,
        "sharpe": 0.2792,
        "returns": [
          -0.006686,
          -0.014937,
          -0.014858,
          -0.012254,
          0.003671,
          0.013739,
          0.003471,
          0.005212,
          -0.011353,
          -0.00398,
          0.005955,
          0.004669,
          -0.008145,
          -0.006267,
          0.005164,
          -0.006269,
          -0.012841,
          -0.00457,
          -0.000473,
          0.011075,
          0.002797,
          0.009278,
          -0.004678,
          0.000336,
          -0.014645,
          0.009159,
          0.003181,
          -0.008417,
          0.002769,
          -0.007812,
          0.012893,
          0.005868,
          -0.011478,
          -0.005623,
          -0.008778,
          0.011399,
          0.012865,
          -0.004852,
          0.00095,
          0.008704,
          0.014668,
          -0.006835,
          -0.013814,
          -0.00164,
          0.001866,
          0.004501,
          0.003694,
          -0.008183,
          0.000812,
          0.012523,
          -0.007432,
          0.006476,
          0.013514,
          -0.007799,
          0.011912,
          -0.012665,
          0.003399,
          -0.014539,
          0.004017,
          -0.000572,
          0.010088,
          7.2e-05,
          0.014224,
          -0.003355,
          -0.012402,
          0.011041,
          -0.005579,
          0.008175,
          0.006691,
          -0.007439,
          -0.007894,
          -0.006974,
          -0.002349,
          0.010738,
          -0.005969,
          -0.010127,
          0.004808,
          0.008393,
          -0.008971,
          0.011843,
          -0.014597,
          -0.007009,
          -0.011171,
          -0.003402,
          0.007255,
          0.011977,
          -0.005833,
          -0.010013,
          -0.007675,
          0.013342,
          0.013718,
          0.006131,
          0.007296,
          -0.01378,
          0.002837,
          -0.008501,
          -0.007242,
          -0.00442,
          0.003513,
          0.005238,
          0.009905,
          0.006724,
          0.012188,
          0.000124,
          0.007054,
          0.010703,
          -0.012132,
          0.008573,
          0.012381,
          -0.009501,
          -0.001691,
          -0.007441,
          -0.011809,
          0.000511,
          -0.011797,
          0.011261,
          -0.014829,
          -0.014318,
          0.002951,
          -0.003429,
          0.012716,
          -0.008169,
          0.009175,
          0.014241,
          0.011004,
          -0.014387,
          -0.000486,
          -0.000841,
          -0.003706,
          -0.012055,
          0.006012,
          -0.013438,
          -0.002934,
          0.008239,
          -0.003551,
          -0.010895,
          -0.009479,
          0.014657,
          0.001787,
          -0.014201,
          -0.001522,
          -0.006804,
          -0.013069,
          0.006984,
          0.007313,
          0.012445,
          0.007732,
          -0.006661,
          -0.002697,
          -0.007288,
          -0.000612,
          -0.004043,
          0.012832,
          0.003955,
          -0.00023,
          0.014914,
          0.002866,
          -0.001376,
          0.003712,
          0.005908,
          0.008249,
          -0.003415,
          -0.001548,
          -0.000773,
          0.011001,
          -0.00275,
          0.014624,
          0.010941,
          0.007881,
          0.014888,
          -0.012778,
          -0.009245,
          -0.001256,
          0.000161,
          0.01439,
          -0.007172,
          -0.006812,
          0.012753,
          0.008637,
          -0.003913,
          -0.003234,
          0.00312,
          -0.014939,
          -0.010393,
          0.000671,
          -0.009036,
          0.011947,
          0.000986,
          0.002157,
          0.009288,
          0.006081,
          -0.000821,
          -0.000609,
          0.012979,
          -0.004161,
          -0.00459,
          -0.013031,
          -0.000178,
          -0.010929,
          -0.008469
        ]
      },
      "score": 386.21,
      "stage": "REJECTED",
      "correlation_penalty": 0.0,
      "disabled_by_correlation": false
    }
  ],
  "adaptation": {
    "action": "HOLD",
    "new_trade_risk_pct": 2.0,
    "win_rate_pct": 50.0,
    "expectancy_abs": 15.8433,
    "reason": "Performance within control band."
  },
  "institutional_exports": {
    "analytics_json": "reporting\\output\\institutional_analytics_20260302_224812.json",
    "equity_curve_csv": "reporting\\output\\equity_curve_20260302_224812.csv",
    "report_pdf": "reporting\\output\\institutional_report_20260302_224812.pdf"
  }
}