{
  "timestamp": "20260303_065758",
  "mode": "PAPER",
  "equity": 100448.93,
  "peak_equity": 100448.93,
  "drawdown_pct": 0.0,
  "cash_balance": 86882.26,
  "realized_pnl": -37.81,
  "unrealized_pnl": 499.5,
  "fees_paid": 12.76,
  "turnover": 51030.73,
  "trades_count": 10,
  "realized_stats": {
    "win_rate_pct": 30.0,
    "expectancy_abs": 2.74,
    "expectancy_bps": 0.28,
    "profit_factor": 1.24,
    "sharpe": 1.29,
    "rolling_window": 10,
    "warnings": []
  },
  "target_compliance": {
    "win_rate_45_60": null,
    "profit_factor_gt_1_5": null,
    "sharpe_gt_1_8": null,
    "max_dd_lt_15": true,
    "expectancy_positive": null
  },
  "broker_truth": {
    "account_source": "PAPER_LEDGER",
    "last_reconciled_at": "2026-03-03T06:57:55",
    "positions_count": 3,
    "orders_count": 10,
    "trades_count": 10
  },
  "intelligence": {
    "volatility": 0.1638,
    "trend": 0,
    "regime": "LOW_VOLATILITY",
    "bias": "NEUTRAL"
  },
  "strategy_reports": [
    {
      "id": "core_momentum_v1",
      "name": "core_momentum_v1",
      "metrics": {
        "win_rate": 54.7826,
        "expectancy": 0.1036,
        "avg_win": 0.7948,
        "avg_loss": 0.7337,
        "expectancy_rolling_100": 0.1396,
        "max_dd": 6.1832,
        "profit_factor": 1.3123,
        "sharpe": 1.8762,
        "returns": [
          -0.008511,
          -0.006339,
          0.001868,
          0.011059,
          0.005075,
          0.009402,
          0.011637,
          -0.001794,
          -0.002209,
          -0.011901,
          0.006351,
          0.001231,
          -0.009691,
          0.002481,
          0.010411,
          -0.002348,
          0.010184,
          0.013889,
          -0.011372,
          -0.004672,
          0.01409,
          -0.004225,
          -0.00806,
          -0.003235,
          0.006795,
          0.003298,
          -0.007389,
          0.005023,
          -0.007054,
          0.00413,
          0.004904,
          -0.001461,
          0.012094,
          0.00731,
          -0.0117,
          -0.00443,
          0.012845,
          -0.006473,
          -0.002883,
          0.010628,
          0.00065,
          -0.013781,
          0.006651,
          0.01264,
          0.013672,
          -0.006797,
          -0.01087,
          0.003287,
          -0.003631,
          -0.002063,
          -0.014882,
          0.009274,
          0.000623,
          0.006674,
          -0.004725,
          -0.011599,
          0.014374,
          -0.012041,
          0.002146,
          0.013067,
          -0.01254,
          0.006088,
          -0.001305,
          -0.003715,
          0.004985,
          -0.004909,
          0.014611,
          -0.006541,
          -0.004024,
          0.012297,
          -0.003908,
          -0.009701,
          -0.010555,
          -0.011961,
          0.013548,
          -0.004695,
          -0.013283,
          -0.009679,
          0.012482,
          -0.001979,
          0.005881,
          0.013598,
          -0.010098,
          0.006488,
          0.014094,
          0.007119,
          0.012712,
          0.005091,
          -0.001292,
          -0.006778,
          -0.006305,
          -0.005149,
          0.004456,
          0.007751,
          0.000782,
          0.008601,
          -0.010378,
          0.007035,
          0.011884,
          0.006151,
          -0.007034,
          0.011962,
          -0.002106,
          -0.002085,
          -0.009335,
          0.00104,
          -0.005233,
          -0.003057,
          0.000584,
          0.014581,
          -0.010238,
          0.012451,
          0.004776,
          0.004973,
          0.007199,
          -0.014174,
          0.005734,
          0.010951,
          0.008798,
          0.013541,
          0.002647,
          -0.003175,
          -0.011093,
          0.004712,
          0.00394,
          -0.000351,
          0.013695,
          -0.005473,
          -0.009253,
          0.000107,
          0.014066,
          0.003266,
          0.011939,
          0.013559,
          -0.011472,
          0.014376,
          -0.006288,
          -0.013305,
          0.011824,
          0.001108,
          0.012121,
          -0.001193,
          0.011,
          0.0094,
          0.011813,
          -0.013838,
          0.010151,
          -0.01458,
          -8.6e-05,
          0.010123,
          -0.009076,
          -0.007992,
          -0.007053,
          -0.01233,
          0.006803,
          0.008749,
          0.008951,
          0.002765,
          0.014657,
          0.00327,
          -0.002043,
          -0.007984,
          0.011878,
          -0.012273,
          -0.012618,
          -0.010753,
          -0.00985,
          -0.004607,
          0.010415,
          -0.011988,
          0.01365,
          0.005664,
          0.002086,
          0.011703,
          0.005934,
          0.011211,
          0.013192,
          0.011429,
          -0.014756,
          0.001608,
          0.004302,
          0.005281,
          -0.001984,
          -0.004897,
          -0.002047,
          0.000844,
          0.002052,
          -0.01398,
          0.006532,
          -0.008695,
          -0.000304,
          -0.010747,
          -5.1e-05,
          0.010164,
          0.00055,
          0.001677,
          0.013667,
          0.00394,
          -0.012848,
          0.012464
        ]
      },
      "score": 530.301,
      "stage": "PAPER",
      "correlation_penalty": 0.0,
      "disabled_by_correlation": false
    }
  ],
  "adaptation": {
    "action": "HOLD",
    "new_trade_risk_pct": 2.0,
    "win_rate_pct": 30.0,
    "expectancy_abs": 2.7417,
    "sample_size": 10,
    "shadow_sample": false,
    "reason": "Insufficient sample for risk increase (10/20)."
  },
  "institutional_exports": {
    "analytics_json": "reporting\\output\\institutional_analytics_20260303_065758.json",
    "equity_curve_csv": "reporting\\output\\equity_curve_20260303_065758.csv",
    "report_pdf": "reporting\\output\\institutional_report_20260303_065758.pdf"
  }
}