{
  "timestamp": "20260303_043328",
  "mode": "PAPER",
  "equity": 100069.29,
  "peak_equity": 100069.29,
  "drawdown_pct": 0.0,
  "cash_balance": 97272.64,
  "realized_pnl": 0.0,
  "unrealized_pnl": 71.2,
  "fees_paid": 1.91,
  "turnover": 7645.74,
  "trades_count": 9,
  "realized_stats": {
    "win_rate_pct": 66.67,
    "expectancy_abs": 1.9,
    "expectancy_bps": 0.19,
    "profit_factor": 3.33,
    "sharpe": 6.54,
    "rolling_window": 9,
    "warnings": []
  },
  "target_compliance": {
    "win_rate_45_60": null,
    "profit_factor_gt_1_5": null,
    "sharpe_gt_1_8": null,
    "max_dd_lt_15": true,
    "expectancy_positive": null
  },
  "broker_truth": {
    "account_source": "PAPER_LEDGER",
    "last_reconciled_at": "2026-03-03T04:33:26",
    "positions_count": 2,
    "orders_count": 9,
    "trades_count": 9
  },
  "intelligence": {
    "volatility": 0.1677,
    "trend": 0,
    "regime": "LOW_VOLATILITY",
    "bias": "NEUTRAL"
  },
  "strategy_reports": [
    {
      "id": "core_momentum_v1",
      "name": "core_momentum_v1",
      "metrics": {
        "win_rate": 51.3043,
        "expectancy": 0.0467,
        "avg_win": 0.779,
        "avg_loss": 0.7248,
        "expectancy_rolling_100": 0.0245,
        "max_dd": 9.54,
        "profit_factor": 1.1324,
        "sharpe": 0.8622,
        "returns": [
          -0.005088,
          0.011018,
          -0.004543,
          -0.005399,
          0.003249,
          -0.007312,
          0.006381,
          0.011348,
          0.010988,
          0.000513,
          0.004281,
          0.00797,
          -0.002173,
          -0.014758,
          0.005701,
          0.008555,
          0.01263,
          -0.011171,
          -0.004973,
          0.012158,
          0.006027,
          0.002654,
          -0.012269,
          0.013836,
          0.003484,
          -0.009375,
          -0.008615,
          0.009038,
          0.014593,
          -0.005834,
          0.010668,
          0.006246,
          0.007603,
          0.00209,
          -0.013022,
          -0.003589,
          -0.005688,
          -0.009328,
          0.001773,
          0.009962,
          0.009133,
          -0.004568,
          -0.013396,
          -0.014752,
          -0.008368,
          -0.006655,
          -0.013506,
          -0.010602,
          0.011035,
          -0.012244,
          0.009987,
          -0.006118,
          -0.004651,
          0.012884,
          0.005706,
          -0.003335,
          0.008963,
          0.007192,
          -0.001295,
          -0.012631,
          -0.002846,
          -0.001601,
          0.010625,
          0.005996,
          0.009401,
          0.007303,
          0.004149,
          0.01069,
          0.010328,
          0.012517,
          -0.003298,
          0.012304,
          -0.007673,
          -0.001933,
          -0.005619,
          0.001011,
          0.003789,
          -0.009397,
          -0.007312,
          0.012326,
          0.011957,
          0.007605,
          -0.013304,
          -0.014481,
          -0.000306,
          0.014796,
          0.005525,
          -0.006729,
          -0.000136,
          -0.002512,
          -0.013323,
          -0.009689,
          -0.003335,
          -0.010099,
          -0.001593,
          0.012209,
          0.007233,
          0.007914,
          -0.007848,
          -0.003439,
          0.013869,
          -0.014078,
          -0.004269,
          7.3e-05,
          -0.004065,
          -0.008738,
          0.001942,
          -0.01096,
          -0.009167,
          -0.011358,
          0.013451,
          -0.001741,
          -0.003936,
          0.000268,
          0.004703,
          -0.009605,
          0.01481,
          0.008611,
          0.013346,
          -0.001678,
          0.00083,
          0.003176,
          0.002384,
          0.014131,
          -0.006636,
          -0.005505,
          0.007951,
          0.007916,
          0.002412,
          0.005544,
          -0.001492,
          -0.001769,
          -0.006624,
          0.014242,
          0.013746,
          0.005504,
          -0.008886,
          -0.003427,
          -0.012683,
          -0.007721,
          0.00285,
          0.013192,
          0.009255,
          -0.014461,
          -0.010316,
          -0.011678,
          -0.014301,
          0.004705,
          -0.014407,
          -0.006826,
          0.012262,
          -0.008956,
          0.010836,
          -0.010276,
          0.001889,
          0.014383,
          -0.013146,
          0.00813,
          -0.008566,
          -0.005312,
          -0.004988,
          -0.000158,
          0.004355,
          -0.000914,
          0.001422,
          0.004778,
          0.01177,
          0.002343,
          -0.010503,
          0.01205,
          -0.010362,
          -0.013431,
          -0.005601,
          -0.002993,
          0.009034,
          -0.009212,
          -0.002411,
          -0.010179,
          0.001977,
          0.013159,
          -0.004607,
          0.014049,
          0.009258,
          -0.010918,
          0.007349,
          -0.007063,
          0.009054,
          0.011909,
          0.008339,
          0.012114,
          0.000173,
          0.008415,
          -0.002085,
          0.004081,
          -0.003876,
          -0.005226,
          -0.010315,
          0.010839,
          0.005863,
          0.003172
        ]
      },
      "score": 415.08,
      "stage": "PAPER_SHADOW",
      "correlation_penalty": 0.0,
      "disabled_by_correlation": false
    }
  ],
  "adaptation": {
    "action": "INCREASE_RISK",
    "new_trade_risk_pct": 2.0,
    "win_rate_pct": 66.6667,
    "expectancy_abs": 1.897,
    "reason": "Stable edge with controlled drawdown."
  },
  "institutional_exports": {
    "analytics_json": "reporting\\output\\institutional_analytics_20260303_043328.json",
    "equity_curve_csv": "reporting\\output\\equity_curve_20260303_043328.csv",
    "report_pdf": "reporting\\output\\institutional_report_20260303_043328.pdf"
  }
}