{
  "timestamp": "20260304_065719",
  "mode": "PAPER",
  "equity": 99665.45,
  "peak_equity": 100105.51,
  "drawdown_pct": 0.44,
  "cash_balance": 103513.57,
  "realized_pnl": -39.52,
  "unrealized_pnl": -286.42,
  "fees_paid": 8.61,
  "turnover": 34427.22,
  "trades_count": 12,
  "realized_stats": {
    "win_rate_pct": 33.33,
    "expectancy_abs": -13.17,
    "expectancy_bps": -4.02,
    "profit_factor": 0.02,
    "sharpe": -20.73,
    "rolling_window": 3,
    "basis": "REALIZED_CLOSED",
    "warnings": []
  },
  "target_compliance": {
    "win_rate_45_60": null,
    "profit_factor_gt_1_5": null,
    "sharpe_gt_1_8": null,
    "max_dd_lt_15": true,
    "expectancy_positive": null
  },
  "broker_truth": {
    "account_source": "FYERS_LIVE",
    "last_reconciled_at": "2026-03-04T06:57:18",
    "positions_count": 4,
    "orders_count": 12,
    "trades_count": 12
  },
  "intelligence": {
    "volatility": 0.2009,
    "trend": 1,
    "regime": "LOW_VOLATILITY",
    "regime_advanced": "LOW_VOLATILITY",
    "bias": "NEUTRAL"
  },
  "strategy_reports": [
    {
      "id": "core_momentum_v1",
      "name": "core_momentum_v1",
      "metrics": {
        "win_rate": 54.7826,
        "expectancy": 0.0917,
        "avg_win": 0.76,
        "avg_loss": 0.718,
        "expectancy_rolling_100": 0.1093,
        "max_dd": 7.483,
        "profit_factor": 1.2824,
        "sharpe": 1.7009,
        "returns": [
          -0.009866,
          0.013292,
          0.00144,
          0.001997,
          0.005121,
          0.006011,
          -0.009709,
          0.009908,
          0.00367,
          0.009991,
          -0.01412,
          0.000855,
          -0.002305,
          0.001395,
          0.00102,
          0.006616,
          -0.001212,
          -0.0018,
          -0.000455,
          0.013599,
          0.005141,
          -0.003197,
          0.007472,
          -0.012631,
          0.006342,
          0.002539,
          -0.003836,
          -0.007703,
          0.004252,
          -0.013516,
          0.012163,
          0.001219,
          0.011536,
          -0.008361,
          -0.006142,
          0.013245,
          -0.009245,
          -0.007292,
          -0.013824,
          -0.000926,
          -0.002186,
          -0.006658,
          0.00981,
          0.01295,
          0.013318,
          -0.008742,
          -0.01094,
          -0.004866,
          0.009244,
          0.00572,
          -0.013431,
          0.012425,
          0.005252,
          0.014092,
          0.013038,
          0.012999,
          -0.001715,
          -0.000235,
          -0.005296,
          -0.00371,
          -0.011805,
          0.010215,
          0.010288,
          0.011818,
          -0.005381,
          0.006745,
          0.000473,
          -0.0044,
          -0.009728,
          0.011241,
          0.009484,
          0.011641,
          0.004144,
          -0.012083,
          0.000241,
          0.01145,
          -0.0132,
          0.009821,
          0.008652,
          0.008008,
          0.010395,
          0.005659,
          0.004689,
          0.004706,
          0.014957,
          0.003702,
          0.008484,
          -0.006834,
          0.00991,
          -0.004918,
          0.014033,
          -0.000389,
          0.006237,
          -0.012872,
          -0.005947,
          -0.009645,
          -0.000537,
          -0.004164,
          -0.013899,
          0.001261,
          -0.002182,
          -0.002949,
          0.001125,
          0.008745,
          -0.014938,
          -0.005942,
          0.010951,
          -0.008248,
          -0.002324,
          0.002065,
          0.003146,
          0.008883,
          0.009739,
          -0.011083,
          0.01321,
          0.006294,
          0.009673,
          0.006751,
          -0.007698,
          -0.005449,
          -0.007396,
          -0.01298,
          0.000174,
          -0.007415,
          -0.00187,
          0.011419,
          0.014954,
          0.011559,
          0.001038,
          -0.010005,
          0.005919,
          -0.013569,
          -0.011471,
          0.001024,
          0.008807,
          0.003874,
          0.010351,
          -0.013506,
          0.00115,
          -0.002043,
          0.004089,
          0.006904,
          0.000381,
          0.010684,
          0.007746,
          -0.008134,
          -0.010599,
          -0.007551,
          0.011812,
          0.007371,
          -8.9e-05,
          0.007959,
          -0.014956,
          -0.003588,
          -0.000123,
          0.011013,
          0.002846,
          -0.011851,
          0.013305,
          0.012048,
          -0.002399,
          0.011722,
          -0.006222,
          -0.00231,
          -0.013209,
          0.002611,
          -0.00579,
          0.00074,
          -0.014553,
          -0.004439,
          0.006715,
          0.002017,
          -0.001785,
          0.013643,
          0.004219,
          0.007063,
          -0.006575,
          0.008822,
          0.008974,
          0.006006,
          0.013888,
          0.008684,
          -0.01334,
          0.003208,
          0.011975,
          0.008972,
          -0.004751,
          -0.003972,
          0.004453,
          0.006627,
          0.007844,
          -0.008318,
          -0.011601,
          0.01412,
          -0.002409,
          0.004379,
          -0.003306,
          0.002759,
          0.010253,
          -0.004506
        ],
        "sample_size": 200
      },
      "score": 7.8591,
      "stage": "LIVE",
      "correlation_penalty": 0.0,
      "disabled_by_correlation": false,
      "active": true,
      "allocation_pct": 100.0,
      "correlation_cluster": "",
      "asset_class": "stocks",
      "timeframe": "5m",
      "category": "systematic",
      "regime_preference": [
        "TRENDING",
        "RANGING",
        "HIGH_VOL",
        "LOW_VOL",
        "CRASH"
      ]
    }
  ],
  "adaptation": {
    "action": "HOLD",
    "new_trade_risk_pct": 0.5,
    "win_rate_pct": 33.3333,
    "expectancy_realized_abs": -13.1744,
    "expectancy_mtm_abs": -25.669,
    "sample_size": 12,
    "realized_sample_size": 3,
    "shadow_sample": false,
    "reason": "Insufficient sample for risk increase (12/20)."
  },
  "institutional_exports": {
    "analytics_json": "reporting\\output\\institutional_analytics_20260304_065719.json",
    "equity_curve_csv": "reporting\\output\\equity_curve_20260304_065719.csv",
    "report_pdf": "reporting\\output\\institutional_report_20260304_065719.pdf"
  }
}