{
  "timestamp": "20260303_201506",
  "mode": "PAPER",
  "equity": 100000.0,
  "peak_equity": 100000.0,
  "drawdown_pct": 0.0,
  "cash_balance": 100000.0,
  "realized_pnl": 0.0,
  "unrealized_pnl": 0.0,
  "fees_paid": 0.0,
  "turnover": 0.0,
  "trades_count": 0,
  "realized_stats": {
    "win_rate_pct": 0.0,
    "expectancy_abs": 0.0,
    "expectancy_bps": 0.0,
    "profit_factor": 0.0,
    "sharpe": 0.0,
    "rolling_window": 0,
    "warnings": []
  },
  "target_compliance": {
    "win_rate_45_60": null,
    "profit_factor_gt_1_5": null,
    "sharpe_gt_1_8": null,
    "max_dd_lt_15": true,
    "expectancy_positive": null
  },
  "broker_truth": {
    "account_source": "FYERS_LIVE",
    "last_reconciled_at": "2026-03-03T20:15:01",
    "positions_count": 0,
    "orders_count": 0,
    "trades_count": 0
  },
  "intelligence": {
    "volatility": 0.1808,
    "trend": 0,
    "regime": "LOW_VOLATILITY",
    "regime_advanced": "LOW_VOLATILITY",
    "bias": "NEUTRAL"
  },
  "strategy_reports": [
    {
      "id": "core_momentum_v1",
      "name": "core_momentum_v1",
      "metrics": {
        "win_rate": 46.9565,
        "expectancy": -0.0744,
        "avg_win": 0.6938,
        "avg_loss": 0.7544,
        "expectancy_rolling_100": -0.1025,
        "max_dd": 21.3555,
        "profit_factor": 0.8141,
        "sharpe": -1.4124,
        "returns": [
          0.010002,
          -0.01241,
          -0.008494,
          0.001606,
          0.004782,
          0.000149,
          0.007251,
          0.002522,
          -0.000573,
          0.005704,
          0.001759,
          -0.011429,
          0.014626,
          -0.013532,
          -0.007686,
          0.013302,
          -0.013921,
          0.004488,
          -0.011866,
          -0.002188,
          -0.008988,
          -0.013626,
          -0.007382,
          0.010298,
          -0.005077,
          -0.014786,
          -0.010531,
          0.008998,
          0.009389,
          0.006333,
          -0.01346,
          0.010268,
          0.014388,
          0.009281,
          -0.010869,
          -0.006919,
          0.000191,
          -0.010091,
          -5e-05,
          -0.00019,
          0.013626,
          0.001813,
          -0.008381,
          -0.005069,
          -0.000883,
          0.003098,
          -0.00514,
          0.014999,
          -0.001493,
          -0.0116,
          -0.005919,
          -0.01283,
          -0.003619,
          0.011179,
          0.006068,
          0.01012,
          0.010203,
          0.005068,
          -0.002655,
          0.001623,
          -0.000221,
          0.013428,
          0.008493,
          -0.010429,
          0.011222,
          -0.008873,
          -0.003406,
          -0.011066,
          0.004237,
          0.002426,
          -0.005159,
          -0.012587,
          0.004164,
          -0.00723,
          -0.009274,
          0.014986,
          0.011485,
          -0.013633,
          -0.007122,
          -0.00651,
          -0.014349,
          0.010907,
          -0.000408,
          0.006448,
          -0.010749,
          -0.00476,
          -0.010672,
          0.002296,
          -0.011046,
          0.01377,
          0.009651,
          -0.01493,
          -0.01478,
          0.000812,
          0.013344,
          0.00673,
          -0.013445,
          0.013351,
          0.008939,
          0.009871,
          8.8e-05,
          -0.002851,
          -0.012722,
          -0.010978,
          0.012285,
          0.00429,
          0.009822,
          -0.008343,
          0.011509,
          -0.008469,
          0.008542,
          -0.002371,
          0.00887,
          -0.013508,
          0.002616,
          -0.013318,
          0.00816,
          -0.014684,
          0.005914,
          0.004684,
          -0.002608,
          0.007134,
          0.006405,
          0.000457,
          -0.007904,
          0.009898,
          0.000267,
          0.006489,
          0.003759,
          0.003217,
          0.001723,
          -0.009341,
          -0.007095,
          -0.010293,
          0.000889,
          -0.007031,
          -0.010052,
          -0.004342,
          0.000932,
          -0.008883,
          0.010275,
          -0.006147,
          0.006672,
          -0.000129,
          -0.008356,
          -0.010518,
          -0.007868,
          -0.007089,
          -0.013266,
          -0.003733,
          -0.008796,
          -0.003606,
          -0.010762,
          -0.008206,
          0.006124,
          0.00314,
          0.005853,
          -0.000801,
          -0.009251,
          0.005725,
          0.002672,
          -0.008407,
          -0.006595,
          0.003235,
          0.011204,
          -0.01326,
          0.007999,
          -0.00186,
          -0.012815,
          -8.9e-05,
          -0.00043,
          -0.002518,
          -0.006143,
          -0.013741,
          -0.011303,
          0.002135,
          0.004983,
          0.011987,
          0.014515,
          0.005536,
          0.004736,
          -0.003182,
          -0.009792,
          0.002942,
          -0.00692,
          -0.002114,
          0.00226,
          -0.008826,
          -0.00381,
          0.014258,
          0.006458,
          -0.005334,
          -0.001213,
          -0.007113,
          0.008102,
          -0.003283,
          6.9e-05,
          0.010506,
          0.005141,
          0.005057
        ],
        "sample_size": 200
      },
      "score": 3.6757,
      "stage": "RETIRED",
      "correlation_penalty": 0.0,
      "disabled_by_correlation": false,
      "active": false,
      "allocation_pct": 0.0,
      "correlation_cluster": "",
      "asset_class": "stocks",
      "timeframe": "5m",
      "category": "systematic",
      "regime_preference": [
        "TRENDING",
        "RANGING",
        "HIGH_VOL",
        "LOW_VOL",
        "CRASH"
      ]
    }
  ],
  "adaptation": {
    "action": "HOLD",
    "new_trade_risk_pct": 2.0,
    "reason": "No trades in session."
  },
  "institutional_exports": {
    "analytics_json": "reporting\\output\\institutional_analytics_20260303_201506.json",
    "equity_curve_csv": "reporting\\output\\equity_curve_20260303_201506.csv",
    "report_pdf": "reporting\\output\\institutional_report_20260303_201506.pdf"
  }
}