{
  "timestamp": "20260303_041952",
  "mode": "PAPER",
  "equity": 100059.36,
  "peak_equity": 100084.52,
  "drawdown_pct": 0.03,
  "cash_balance": 103507.74,
  "realized_pnl": 0.0,
  "unrealized_pnl": 60.24,
  "fees_paid": 0.88,
  "turnover": 3508.62,
  "trades_count": 3,
  "realized_stats": {
    "win_rate_pct": 0.0,
    "expectancy_abs": -3.71,
    "expectancy_bps": -0.37,
    "profit_factor": 0.0,
    "sharpe": -25.85,
    "rolling_window": 3,
    "warnings": []
  },
  "target_compliance": {
    "win_rate_45_60": null,
    "profit_factor_gt_1_5": null,
    "sharpe_gt_1_8": null,
    "max_dd_lt_15": true,
    "expectancy_positive": null
  },
  "broker_truth": {
    "account_source": "PAPER_LEDGER",
    "last_reconciled_at": "2026-03-03T04:19:50",
    "positions_count": 1,
    "orders_count": 3,
    "trades_count": 3
  },
  "intelligence": {
    "volatility": 0.1691,
    "trend": -1,
    "regime": "LOW_VOLATILITY",
    "bias": "NEUTRAL"
  },
  "strategy_reports": [
    {
      "id": "core_momentum_v1",
      "name": "core_momentum_v1",
      "metrics": {
        "win_rate": 48.2609,
        "expectancy": -0.045,
        "avg_win": 0.7448,
        "avg_loss": 0.7817,
        "expectancy_rolling_100": -0.0688,
        "max_dd": 20.8811,
        "profit_factor": 0.8887,
        "sharpe": -0.8227,
        "returns": [
          0.005666,
          -0.012757,
          -0.009514,
          -0.009271,
          0.010418,
          0.004566,
          -0.005204,
          -0.011335,
          0.003986,
          0.003654,
          0.011698,
          0.007915,
          -0.001449,
          -0.00102,
          0.003261,
          -0.013386,
          -0.011517,
          -0.001527,
          -0.009809,
          -0.008902,
          0.013869,
          0.000141,
          0.010159,
          0.01429,
          0.008011,
          0.002847,
          -0.013252,
          -0.011546,
          0.002338,
          -0.013862,
          0.002442,
          -0.008008,
          0.000632,
          -0.014563,
          0.011307,
          0.004327,
          0.007788,
          0.010924,
          0.00034,
          0.007915,
          -0.008843,
          -0.011941,
          -0.002998,
          -0.012176,
          -0.005269,
          -0.014611,
          0.002557,
          -0.014376,
          0.006896,
          -0.014598,
          -0.009757,
          -0.007847,
          0.008733,
          0.001606,
          -2e-06,
          -0.014967,
          -0.003594,
          -0.011694,
          0.000501,
          -0.010304,
          0.007006,
          0.005391,
          -0.006352,
          -0.002163,
          -0.008585,
          -0.00722,
          -0.004915,
          -0.01201,
          0.007054,
          -0.003533,
          -0.013221,
          0.01135,
          -0.004202,
          -0.013608,
          0.009965,
          -0.000472,
          0.003669,
          -0.004703,
          0.010069,
          0.007262,
          -0.007142,
          0.009244,
          0.006077,
          -0.01154,
          0.007652,
          -0.007087,
          -0.00697,
          -0.014598,
          0.013884,
          -0.003049,
          0.008977,
          0.006563,
          0.009454,
          -7.8e-05,
          0.000879,
          0.011173,
          0.012178,
          0.012132,
          -0.004843,
          0.014175,
          -0.010508,
          -0.007802,
          -0.002012,
          -0.013252,
          -0.011551,
          0.006964,
          -0.013612,
          -0.010376,
          -0.008468,
          -0.00946,
          0.004729,
          0.000265,
          -0.003397,
          -0.010792,
          -0.008989,
          -0.011746,
          -0.000834,
          -0.012469,
          -0.007235,
          0.014374,
          0.014122,
          0.004794,
          -0.009901,
          0.010828,
          -0.00219,
          0.010676,
          0.012771,
          -0.00952,
          0.012416,
          -0.003506,
          -0.005524,
          -0.006038,
          0.011681,
          0.004791,
          -0.004608,
          -0.011554,
          -0.008649,
          -0.001436,
          0.004712,
          -0.000402,
          0.014851,
          -0.009996,
          -0.012688,
          -0.010033,
          -0.00145,
          -0.00375,
          -0.007736,
          0.006701,
          0.010238,
          -0.001121,
          0.012944,
          -0.013154,
          -0.012083,
          -0.002156,
          0.001906,
          -0.003512,
          0.00469,
          0.002902,
          0.007307,
          -0.01282,
          0.003446,
          0.002927,
          -0.010963,
          0.002954,
          0.005715,
          0.01061,
          0.003813,
          0.003224,
          0.004259,
          -0.002341,
          -0.0096,
          0.013329,
          -0.010616,
          -0.007399,
          0.009478,
          -0.007626,
          0.007366,
          0.012038,
          0.013924,
          0.008631,
          0.013219,
          -0.010312,
          -0.003723,
          -0.010573,
          -0.007053,
          0.00174,
          -0.000468,
          -0.005828,
          -0.009384,
          -0.005872,
          -0.002011,
          0.009902,
          -0.00733,
          0.011736,
          0.0132,
          0.012172,
          -0.006442,
          0.00226,
          0.004084,
          0.000414
        ]
      },
      "score": 165.699,
      "stage": "PAPER_SHADOW",
      "correlation_penalty": 0.0,
      "disabled_by_correlation": false
    }
  ],
  "adaptation": {
    "action": "DECREASE_RISK",
    "new_trade_risk_pct": 1.8,
    "win_rate_pct": 0.0,
    "expectancy_abs": -3.7067,
    "reason": "Drawdown/expectancy deterioration detected."
  },
  "institutional_exports": {
    "analytics_json": "reporting\\output\\institutional_analytics_20260303_041952.json",
    "equity_curve_csv": "reporting\\output\\equity_curve_20260303_041952.csv",
    "report_pdf": "reporting\\output\\institutional_report_20260303_041952.pdf"
  }
}