{
  "timestamp": "20260303_035956",
  "mode": "PAPER",
  "equity": 99914.35,
  "peak_equity": 100003.51,
  "drawdown_pct": 0.09,
  "cash_balance": 104860.24,
  "realized_pnl": -26.59,
  "unrealized_pnl": -55.17,
  "fees_paid": 3.9,
  "turnover": 15604.17,
  "trades_count": 3,
  "realized_stats": {
    "win_rate_pct": 0.0,
    "expectancy_abs": -6.32,
    "expectancy_bps": -0.63,
    "profit_factor": 0.0,
    "sharpe": -16.22,
    "rolling_window": 3,
    "warnings": []
  },
  "target_compliance": {
    "win_rate_45_60": false,
    "profit_factor_gt_1_5": false,
    "sharpe_gt_1_8": false,
    "max_dd_lt_15": true,
    "expectancy_positive": false
  },
  "broker_truth": {
    "account_source": "PAPER_LEDGER",
    "last_reconciled_at": "2026-03-03T03:59:54",
    "positions_count": 1,
    "orders_count": 3,
    "trades_count": 3
  },
  "intelligence": {
    "volatility": 0.1764,
    "trend": -1,
    "regime": "LOW_VOLATILITY",
    "bias": "NEUTRAL"
  },
  "strategy_reports": [
    {
      "id": "core_momentum_v1",
      "name": "core_momentum_v1",
      "metrics": {
        "win_rate": 53.913,
        "expectancy": 0.0938,
        "avg_win": 0.761,
        "avg_loss": 0.6867,
        "expectancy_rolling_100": 0.1122,
        "max_dd": 9.9395,
        "profit_factor": 1.2962,
        "sharpe": 1.7757,
        "returns": [
          0.000808,
          0.01225,
          -0.002155,
          0.010753,
          0.013713,
          0.0116,
          -0.010691,
          0.009046,
          -0.014187,
          0.010876,
          -0.01164,
          0.006837,
          -0.003773,
          0.001703,
          0.009804,
          -0.00193,
          0.011535,
          -0.004901,
          0.002068,
          0.007503,
          -0.000844,
          -0.002505,
          0.010274,
          0.006263,
          0.012232,
          -0.00447,
          -0.001024,
          0.005293,
          0.010975,
          -0.004723,
          -0.006523,
          0.012937,
          0.007079,
          0.009717,
          0.004071,
          0.008547,
          -0.014077,
          0.0146,
          -0.003345,
          0.010352,
          -0.014282,
          0.010069,
          -0.006343,
          0.000539,
          0.004981,
          -0.009013,
          0.006777,
          0.00643,
          -0.001705,
          -0.012291,
          0.008002,
          0.005647,
          -0.013234,
          -0.0038,
          0.012415,
          0.009948,
          -0.005313,
          -0.011748,
          0.008185,
          -0.002498,
          -0.008003,
          0.005466,
          0.014456,
          -0.010581,
          0.007985,
          0.006788,
          -0.014228,
          -0.007448,
          -0.002962,
          0.001447,
          0.005506,
          0.012689,
          0.003175,
          0.01384,
          0.000758,
          0.0049,
          -0.00362,
          -0.008161,
          0.004265,
          0.013829,
          0.010983,
          0.006015,
          0.005994,
          -0.000115,
          0.005729,
          0.006668,
          -0.011246,
          -8.2e-05,
          -0.012731,
          -0.00128,
          -0.000396,
          0.0058,
          0.01152,
          0.008754,
          0.007267,
          -0.006417,
          -0.00308,
          0.013747,
          -0.013029,
          -0.008144,
          0.003139,
          0.001715,
          -0.001562,
          -0.002715,
          -0.005652,
          -0.002846,
          0.013434,
          -0.011737,
          -0.006291,
          0.002313,
          -0.013605,
          -0.006469,
          -0.007097,
          -0.000823,
          0.009777,
          0.009237,
          -0.000854,
          -0.004735,
          0.011966,
          0.000666,
          -0.005212,
          -0.007826,
          -0.007646,
          0.008635,
          0.013936,
          0.004728,
          0.013694,
          -0.000699,
          -0.001894,
          0.014085,
          0.006705,
          -0.005256,
          0.004094,
          -0.009796,
          0.000688,
          0.013895,
          -0.004502,
          0.013126,
          0.002559,
          -0.004657,
          0.011056,
          0.005205,
          0.010516,
          0.00736,
          -0.012183,
          0.004599,
          0.008106,
          -0.003885,
          0.003851,
          -0.000894,
          -0.004609,
          -0.006372,
          -0.005156,
          0.007772,
          -0.00402,
          0.014789,
          -0.008414,
          0.006373,
          -0.010424,
          0.004709,
          -0.004863,
          -0.011573,
          0.013386,
          -0.012011,
          0.014658,
          -0.014552,
          0.004472,
          0.013201,
          0.013738,
          -0.006303,
          0.001059,
          -0.000133,
          -0.000781,
          0.009098,
          -0.013612,
          -0.010656,
          0.009588,
          0.001805,
          -0.012843,
          0.005186,
          0.007687,
          0.009708,
          0.012966,
          0.009519,
          -0.01342,
          0.005379,
          -0.003233,
          0.000856,
          -0.01303,
          0.010911,
          0.008417,
          -0.010523,
          0.005431,
          0.006889,
          0.012415,
          -0.003944,
          0.001081,
          -0.00308,
          0.007057,
          -0.00263
        ]
      },
      "score": 462.23,
      "stage": "REJECTED",
      "correlation_penalty": 0.0,
      "disabled_by_correlation": false
    }
  ],
  "adaptation": {
    "action": "DECREASE_RISK",
    "new_trade_risk_pct": 1.8,
    "win_rate_pct": 0.0,
    "expectancy_abs": -6.3159,
    "reason": "Drawdown/expectancy deterioration detected."
  },
  "institutional_exports": {
    "analytics_json": "reporting\\output\\institutional_analytics_20260303_035956.json",
    "equity_curve_csv": "reporting\\output\\equity_curve_20260303_035956.csv",
    "report_pdf": "reporting\\output\\institutional_report_20260303_035956.pdf"
  }
}