{
  "timestamp": "20260303_220021",
  "mode": "PAPER",
  "equity": 99931.27,
  "peak_equity": 100033.93,
  "drawdown_pct": 0.1,
  "cash_balance": 101420.65,
  "realized_pnl": -3.9,
  "unrealized_pnl": -59.95,
  "fees_paid": 4.88,
  "turnover": 19536.04,
  "trades_count": 12,
  "realized_stats": {
    "win_rate_pct": 0.0,
    "expectancy_abs": -3.9,
    "expectancy_bps": -0.74,
    "profit_factor": 0.0,
    "sharpe": 0.0,
    "rolling_window": 1,
    "basis": "REALIZED_CLOSED",
    "warnings": []
  },
  "target_compliance": {
    "win_rate_45_60": null,
    "profit_factor_gt_1_5": null,
    "sharpe_gt_1_8": null,
    "max_dd_lt_15": true,
    "expectancy_positive": null
  },
  "broker_truth": {
    "account_source": "FYERS_LIVE",
    "last_reconciled_at": "2026-03-03T22:00:17",
    "positions_count": 3,
    "orders_count": 12,
    "trades_count": 12
  },
  "intelligence": {
    "volatility": 0.2168,
    "trend": 1,
    "regime": "LOW_VOLATILITY",
    "regime_advanced": "LOW_VOLATILITY",
    "bias": "NEUTRAL"
  },
  "strategy_reports": [
    {
      "id": "core_momentum_v1",
      "name": "core_momentum_v1",
      "metrics": {
        "win_rate": 46.5217,
        "expectancy": -0.0646,
        "avg_win": 0.7216,
        "avg_loss": 0.7485,
        "expectancy_rolling_100": -0.1248,
        "max_dd": 17.8535,
        "profit_factor": 0.8386,
        "sharpe": -1.2045,
        "returns": [
          0.002266,
          0.003443,
          -0.007814,
          -0.000818,
          -0.001027,
          0.009652,
          0.007714,
          0.01357,
          -0.014793,
          0.009885,
          0.001635,
          -0.000529,
          0.013231,
          0.01075,
          0.014488,
          0.002998,
          -0.013353,
          -0.009581,
          0.007213,
          0.004106,
          0.008555,
          -0.006826,
          0.003168,
          0.008471,
          -0.014239,
          -0.000422,
          -0.000348,
          0.012006,
          -0.001556,
          -0.011498,
          -0.010325,
          -0.00424,
          -0.008385,
          -0.005605,
          -0.012856,
          0.012941,
          0.000172,
          -0.013581,
          -0.000343,
          -0.004357,
          -0.010655,
          0.012829,
          0.009917,
          -0.007293,
          -0.0007,
          -0.008032,
          0.010752,
          -0.006607,
          -0.006908,
          -0.004292,
          0.0052,
          0.00691,
          0.004739,
          -0.00866,
          -0.004982,
          0.00154,
          0.00172,
          0.012341,
          0.014528,
          -0.007347,
          0.008422,
          -0.002634,
          -0.013891,
          -0.00148,
          -0.004883,
          0.002541,
          -0.012496,
          0.001414,
          -0.011302,
          0.002374,
          0.000371,
          0.013723,
          -0.003223,
          0.003594,
          0.007348,
          0.003341,
          -0.002194,
          0.0057,
          -0.007559,
          -0.003186,
          0.011817,
          0.004599,
          0.002298,
          0.003081,
          0.002814,
          -0.0057,
          0.011357,
          -0.005073,
          0.011135,
          0.006093,
          0.014372,
          -0.003099,
          0.006297,
          -0.003576,
          -0.002524,
          -0.010755,
          0.002791,
          -0.005509,
          -0.010846,
          -0.012258,
          -0.012784,
          0.006173,
          0.005867,
          -0.004628,
          0.005297,
          0.013148,
          0.000385,
          0.007914,
          -0.011403,
          -0.012956,
          0.007909,
          0.007416,
          0.005676,
          0.011435,
          0.00688,
          0.002772,
          -0.011055,
          0.012886,
          -0.000222,
          0.003191,
          -0.000928,
          -0.004408,
          -0.014169,
          -0.014188,
          -0.014877,
          -0.010976,
          -0.003517,
          -0.001631,
          0.008617,
          -0.007769,
          -0.00535,
          -0.004193,
          -0.009922,
          0.00633,
          -0.012939,
          -0.011223,
          0.002315,
          -0.008047,
          -0.007644,
          -0.011709,
          0.007359,
          0.009055,
          0.011266,
          -0.000274,
          -0.007567,
          0.001985,
          0.006745,
          0.004742,
          -0.005925,
          0.004193,
          -0.01294,
          0.000728,
          -0.009864,
          0.014788,
          0.014959,
          0.000648,
          0.012084,
          0.005242,
          -0.010887,
          -0.005824,
          -0.006206,
          0.011365,
          0.013566,
          0.000755,
          -0.012247,
          -0.009648,
          0.013752,
          -0.003372,
          -0.001813,
          -0.011841,
          0.009432,
          -0.008779,
          -0.00363,
          -0.00566,
          -0.013764,
          0.008802,
          -0.009764,
          -0.007019,
          -0.009922,
          -0.013126,
          -0.013275,
          -0.011818,
          0.00697,
          -0.003352,
          0.001713,
          0.000472,
          -0.005606,
          -0.00578,
          -0.004651,
          0.010632,
          0.014522,
          -0.001801,
          -0.007446,
          -0.013176,
          -0.001481,
          -0.001631,
          0.010064,
          0.010039,
          -0.014893,
          0.006639
        ],
        "sample_size": 200
      },
      "score": 4.1958,
      "stage": "PAPER_SHADOW",
      "correlation_penalty": 0.0,
      "disabled_by_correlation": false,
      "active": true,
      "allocation_pct": 100.0,
      "correlation_cluster": "",
      "asset_class": "stocks",
      "timeframe": "5m",
      "category": "systematic",
      "regime_preference": [
        "TRENDING",
        "RANGING",
        "HIGH_VOL",
        "LOW_VOL",
        "CRASH"
      ]
    }
  ],
  "adaptation": {
    "action": "HOLD",
    "new_trade_risk_pct": 2.0,
    "win_rate_pct": 0.0,
    "expectancy_realized_abs": -3.8976,
    "expectancy_mtm_abs": 0.6908,
    "sample_size": 12,
    "realized_sample_size": 1,
    "shadow_sample": true,
    "reason": "Insufficient sample for risk increase (12/20)."
  },
  "institutional_exports": {
    "analytics_json": "reporting\\output\\institutional_analytics_20260303_220021.json",
    "equity_curve_csv": "reporting\\output\\equity_curve_20260303_220021.csv",
    "report_pdf": "reporting\\output\\institutional_report_20260303_220021.pdf"
  }
}