{
  "timestamp": "20260303_041223",
  "mode": "PAPER",
  "equity": 100000.0,
  "peak_equity": 100000.0,
  "drawdown_pct": 0.0,
  "cash_balance": 100000.0,
  "realized_pnl": 0.0,
  "unrealized_pnl": 0.0,
  "fees_paid": 0.0,
  "turnover": 0.0,
  "trades_count": 0,
  "realized_stats": {
    "win_rate_pct": 0.0,
    "expectancy_abs": 0.0,
    "expectancy_bps": 0.0,
    "profit_factor": 0.0,
    "sharpe": 0.0,
    "rolling_window": 0,
    "warnings": []
  },
  "target_compliance": {
    "win_rate_45_60": false,
    "profit_factor_gt_1_5": false,
    "sharpe_gt_1_8": false,
    "max_dd_lt_15": true,
    "expectancy_positive": false
  },
  "broker_truth": {
    "account_source": "PAPER_LEDGER",
    "last_reconciled_at": "2026-03-03T04:12:22",
    "positions_count": 0,
    "orders_count": 0,
    "trades_count": 0
  },
  "intelligence": {
    "volatility": 0.1961,
    "trend": -1,
    "regime": "LOW_VOLATILITY",
    "bias": "NEUTRAL"
  },
  "strategy_reports": [
    {
      "id": "core_momentum_v1",
      "name": "core_momentum_v1",
      "metrics": {
        "win_rate": 47.3913,
        "expectancy": -0.0402,
        "avg_win": 0.7869,
        "avg_loss": 0.7853,
        "expectancy_rolling_100": -0.0283,
        "max_dd": 17.5876,
        "profit_factor": 0.9027,
        "sharpe": -0.7109,
        "returns": [
          -0.010425,
          -0.014456,
          0.01056,
          -0.007334,
          -0.002054,
          -0.004703,
          -0.007711,
          -0.012431,
          -0.01143,
          0.012018,
          -0.012615,
          -0.008354,
          0.006339,
          -0.00441,
          -0.012158,
          -0.009719,
          0.000668,
          -0.000176,
          0.004143,
          0.010359,
          0.001764,
          0.011298,
          -0.01338,
          -0.003595,
          0.006034,
          0.00329,
          -0.01099,
          -0.012563,
          0.012204,
          0.001681,
          0.014919,
          0.0109,
          -0.013126,
          0.008191,
          0.00414,
          -0.013737,
          -0.011043,
          0.013196,
          -0.001577,
          -0.007733,
          -0.00666,
          0.012635,
          0.013669,
          -0.011727,
          -0.013432,
          -0.00265,
          0.001337,
          -0.003375,
          0.005786,
          -0.001295,
          0.014467,
          0.007267,
          -0.006574,
          -0.004743,
          -0.013051,
          0.012031,
          0.002038,
          -0.012434,
          -0.002749,
          -0.013628,
          -0.014135,
          0.008106,
          0.007466,
          -0.007743,
          -0.013836,
          -0.011983,
          -0.00222,
          0.013121,
          0.008827,
          0.009903,
          0.005996,
          0.014718,
          0.003003,
          -0.006241,
          -0.006139,
          0.005926,
          -0.002829,
          -0.008645,
          0.011996,
          0.011197,
          0.008136,
          0.013333,
          -0.01205,
          -0.014692,
          0.012917,
          -0.00096,
          0.011556,
          0.007695,
          -0.013811,
          0.001916,
          -0.012504,
          -0.012815,
          -0.00101,
          0.012277,
          0.014384,
          0.003927,
          0.003018,
          0.003094,
          -0.014682,
          0.009185,
          0.00357,
          -0.005081,
          -0.002565,
          -0.00492,
          0.001461,
          -0.008123,
          -0.009277,
          -0.005326,
          0.005969,
          -0.003706,
          0.012325,
          -0.004089,
          -0.009989,
          0.009687,
          0.014433,
          -0.001907,
          0.00764,
          -0.010911,
          -0.009015,
          -0.003841,
          0.00882,
          0.011091,
          -0.00048,
          -0.004456,
          0.00445,
          -0.01049,
          -0.012331,
          0.011449,
          -0.000629,
          0.01457,
          -0.001511,
          0.0008,
          -0.001472,
          0.008374,
          -0.004336,
          -0.004796,
          0.004729,
          -0.003316,
          -0.014476,
          0.008555,
          0.00674,
          -0.008922,
          0.010571,
          0.014849,
          0.008113,
          -0.004223,
          -0.004631,
          -0.004071,
          -0.004919,
          -0.011738,
          0.014002,
          -0.009799,
          -0.010041,
          -0.010395,
          0.009863,
          -0.001142,
          0.004755,
          0.004838,
          0.007967,
          -0.003684,
          0.010256,
          0.005057,
          0.00015,
          -0.012479,
          -0.013911,
          -0.014354,
          -0.009885,
          -0.004428,
          -0.006479,
          -0.00753,
          -0.004565,
          0.005416,
          0.002286,
          0.014587,
          -0.000916,
          0.000473,
          -0.003705,
          0.014367,
          4.9e-05,
          -0.011333,
          0.014619,
          0.009869,
          -0.006881,
          0.00199,
          -0.008323,
          -0.007599,
          0.001743,
          0.006159,
          -0.012371,
          0.006808,
          0.005229,
          0.013896,
          -0.010012,
          -0.011629,
          0.005954,
          -0.003611,
          0.005356,
          -0.003986,
          0.007966,
          -0.005548
        ]
      },
      "score": 209.5765,
      "stage": "REJECTED",
      "correlation_penalty": 0.0,
      "disabled_by_correlation": false
    }
  ],
  "adaptation": {
    "action": "HOLD",
    "new_trade_risk_pct": 2.0,
    "reason": "No trades in session."
  },
  "institutional_exports": {
    "analytics_json": "reporting\\output\\institutional_analytics_20260303_041223.json",
    "equity_curve_csv": "reporting\\output\\equity_curve_20260303_041223.csv",
    "report_pdf": "reporting\\output\\institutional_report_20260303_041223.pdf"
  }
}