{
  "timestamp": "20260304_063351",
  "mode": "PAPER",
  "equity": 100023.89,
  "peak_equity": 100077.62,
  "drawdown_pct": 0.05,
  "cash_balance": 107645.6,
  "realized_pnl": -14.91,
  "unrealized_pnl": 41.06,
  "fees_paid": 2.26,
  "turnover": 9026.05,
  "trades_count": 12,
  "realized_stats": {
    "win_rate_pct": 0.0,
    "expectancy_abs": -14.91,
    "expectancy_bps": -3.14,
    "profit_factor": 0.0,
    "sharpe": 0.0,
    "rolling_window": 1,
    "basis": "REALIZED_CLOSED",
    "warnings": []
  },
  "target_compliance": {
    "win_rate_45_60": null,
    "profit_factor_gt_1_5": null,
    "sharpe_gt_1_8": null,
    "max_dd_lt_15": true,
    "expectancy_positive": null
  },
  "broker_truth": {
    "account_source": "FYERS_LIVE",
    "last_reconciled_at": "2026-03-04T06:33:46",
    "positions_count": 3,
    "orders_count": 12,
    "trades_count": 12
  },
  "intelligence": {
    "volatility": 0.1515,
    "trend": 1,
    "regime": "LOW_VOLATILITY",
    "regime_advanced": "LOW_VOLATILITY",
    "bias": "NEUTRAL"
  },
  "strategy_reports": [
    {
      "id": "core_momentum_v1",
      "name": "core_momentum_v1",
      "metrics": {
        "win_rate": 51.3043,
        "expectancy": 0.027,
        "avg_win": 0.7199,
        "avg_loss": 0.7031,
        "expectancy_rolling_100": 0.0234,
        "max_dd": 11.0953,
        "profit_factor": 1.0788,
        "sharpe": 0.5108,
        "returns": [
          0.002713,
          0.011099,
          -0.005854,
          0.010912,
          -0.002336,
          0.001287,
          0.00185,
          0.007401,
          -0.003009,
          -0.000663,
          0.005618,
          0.012634,
          0.009021,
          -0.007883,
          0.011903,
          0.010908,
          -0.011879,
          0.005238,
          -0.00405,
          0.00627,
          -0.000176,
          0.000563,
          -0.002087,
          -0.00392,
          0.003759,
          0.001445,
          -0.007389,
          0.005762,
          -0.007719,
          0.011495,
          -0.012129,
          -0.000635,
          -0.013888,
          -0.004867,
          -0.012861,
          0.005903,
          -0.008055,
          0.003494,
          -0.008869,
          -0.000144,
          0.009997,
          -0.003685,
          0.002837,
          -0.006223,
          -0.006599,
          -0.007947,
          0.013477,
          0.004421,
          -0.014938,
          -0.006933,
          0.001204,
          -0.006768,
          0.002914,
          -0.006403,
          0.010281,
          0.007667,
          -0.013273,
          0.003785,
          0.001357,
          0.001459,
          -0.013083,
          0.013038,
          -0.003199,
          -0.006324,
          -0.001639,
          0.011183,
          -0.006632,
          0.006552,
          0.007472,
          0.003333,
          -0.013322,
          -0.002936,
          0.002698,
          -0.004001,
          0.012418,
          0.011619,
          -0.005626,
          -0.014942,
          -0.002784,
          -0.001699,
          -0.009413,
          -0.004558,
          -0.007154,
          -0.009769,
          -0.008609,
          0.013635,
          0.007198,
          -0.001885,
          -0.005844,
          -0.003426,
          0.014647,
          0.000844,
          -0.012405,
          0.008911,
          -0.000138,
          0.002362,
          0.00123,
          -0.007555,
          0.013885,
          -0.002561,
          -0.001622,
          -0.014485,
          0.008626,
          -0.006382,
          -0.008495,
          0.009807,
          0.011715,
          0.006828,
          0.000821,
          -0.010223,
          0.002366,
          -0.009973,
          0.014847,
          0.010786,
          -0.013367,
          0.010506,
          0.000404,
          0.000318,
          -0.00665,
          -0.001068,
          -0.01472,
          0.004606,
          0.003434,
          0.001054,
          0.013329,
          -0.014524,
          -0.00625,
          -0.003838,
          0.000225,
          0.002077,
          -0.013951,
          0.005469,
          0.01226,
          0.009075,
          0.003674,
          0.007685,
          -0.006514,
          -0.004196,
          -0.003789,
          -0.009204,
          0.013639,
          0.010381,
          0.01388,
          0.011577,
          -0.003736,
          -0.001977,
          -0.011045,
          0.003033,
          -0.001825,
          0.012131,
          0.010042,
          0.009573,
          -0.011603,
          -0.006388,
          -0.005538,
          -0.007192,
          -0.006682,
          0.001843,
          0.011476,
          0.011055,
          0.004408,
          0.002282,
          0.005442,
          0.011173,
          -0.008142,
          7.8e-05,
          0.010565,
          0.009763,
          0.012733,
          0.01316,
          -0.006625,
          -0.013886,
          -0.002827,
          -0.004665,
          0.006805,
          -0.009095,
          -0.00126,
          -0.009442,
          0.001399,
          -0.007845,
          -0.003388,
          -0.010125,
          -0.011868,
          0.012379,
          -0.003507,
          -0.012521,
          0.001147,
          -0.008532,
          -0.001905,
          -0.004833,
          -0.012379,
          0.002707,
          0.000614,
          -0.000631,
          0.004014,
          0.001375,
          -0.014992,
          0.008487,
          0.009742,
          0.010311
        ],
        "sample_size": 200
      },
      "score": 6.4341,
      "stage": "PAPER_SHADOW",
      "correlation_penalty": 0.0,
      "disabled_by_correlation": false,
      "active": true,
      "allocation_pct": 100.0,
      "correlation_cluster": "",
      "asset_class": "stocks",
      "timeframe": "5m",
      "category": "systematic",
      "regime_preference": [
        "TRENDING",
        "RANGING",
        "HIGH_VOL",
        "LOW_VOL",
        "CRASH"
      ]
    }
  ],
  "adaptation": {
    "action": "HOLD",
    "new_trade_risk_pct": 0.5,
    "win_rate_pct": 0.0,
    "expectancy_realized_abs": -14.9098,
    "expectancy_mtm_abs": 3.278,
    "sample_size": 12,
    "realized_sample_size": 1,
    "shadow_sample": true,
    "reason": "Insufficient sample for risk increase (12/20)."
  },
  "institutional_exports": {
    "analytics_json": "reporting\\output\\institutional_analytics_20260304_063351.json",
    "equity_curve_csv": "reporting\\output\\equity_curve_20260304_063351.csv",
    "report_pdf": "reporting\\output\\institutional_report_20260304_063351.pdf"
  }
}