{
  "timestamp": "20260303_205419",
  "mode": "PAPER",
  "equity": 99966.53,
  "peak_equity": 100013.89,
  "drawdown_pct": 0.05,
  "cash_balance": 92587.39,
  "realized_pnl": 0.0,
  "unrealized_pnl": -28.94,
  "fees_paid": 4.53,
  "turnover": 18100.32,
  "trades_count": 10,
  "realized_stats": {
    "win_rate_pct": 30.0,
    "expectancy_abs": -6.67,
    "expectancy_bps": -0.67,
    "profit_factor": 0.1,
    "sharpe": -9.45,
    "rolling_window": 10,
    "basis": "CYCLE_MTM",
    "warnings": []
  },
  "target_compliance": {
    "win_rate_45_60": null,
    "profit_factor_gt_1_5": null,
    "sharpe_gt_1_8": null,
    "max_dd_lt_15": true,
    "expectancy_positive": null
  },
  "broker_truth": {
    "account_source": "FYERS_LIVE",
    "last_reconciled_at": "2026-03-03T20:54:16",
    "positions_count": 4,
    "orders_count": 10,
    "trades_count": 10
  },
  "intelligence": {
    "volatility": 0.1873,
    "trend": 0,
    "regime": "LOW_VOLATILITY",
    "regime_advanced": "RANGE_BOUND",
    "bias": "NEUTRAL"
  },
  "strategy_reports": [
    {
      "id": "core_momentum_v1",
      "name": "core_momentum_v1",
      "metrics": {
        "win_rate": 51.7391,
        "expectancy": 0.0049,
        "avg_win": 0.6789,
        "avg_loss": 0.7177,
        "expectancy_rolling_100": 0.0518,
        "max_dd": 12.571,
        "profit_factor": 1.0141,
        "sharpe": 0.0945,
        "returns": [
          -0.010792,
          -0.010198,
          0.010914,
          -0.007625,
          0.001028,
          -0.005968,
          0.008338,
          0.005163,
          -0.006381,
          0.013669,
          -0.000854,
          -0.004369,
          0.011358,
          -0.010784,
          0.0128,
          -0.001293,
          0.010316,
          -0.013018,
          0.013797,
          0.00774,
          0.000693,
          0.00197,
          -0.004429,
          -0.011263,
          0.003782,
          -0.014695,
          -0.004879,
          -0.002339,
          -0.008227,
          0.004202,
          0.004624,
          -0.002462,
          0.002799,
          0.005805,
          0.002939,
          0.000128,
          0.013636,
          -0.01071,
          0.004522,
          -0.000206,
          -0.008687,
          0.002189,
          -0.011636,
          -0.006346,
          -0.014264,
          0.007342,
          -0.010917,
          -0.011469,
          0.012327,
          -0.008348,
          -0.001162,
          -0.002206,
          0.002621,
          -0.004633,
          -0.003211,
          -0.013497,
          -0.014976,
          0.010153,
          0.0149,
          -0.011758,
          -0.002758,
          0.0015,
          0.004731,
          0.00537,
          0.011366,
          -0.004427,
          -0.003407,
          -0.005828,
          0.013932,
          0.006749,
          -0.004414,
          -2.1e-05,
          0.010817,
          0.002023,
          0.012855,
          0.005801,
          -0.009133,
          -0.006458,
          -0.005953,
          0.002356,
          0.008088,
          0.014344,
          0.000492,
          0.004787,
          0.002711,
          0.000145,
          -0.012036,
          -0.007173,
          -0.00306,
          0.003785,
          0.005404,
          -0.014221,
          -0.013463,
          -0.009855,
          -0.00884,
          0.011222,
          -0.011085,
          0.005748,
          0.004659,
          0.003885,
          0.007192,
          -0.009477,
          0.007063,
          0.002014,
          -3.6e-05,
          -0.014089,
          -0.01064,
          -0.005101,
          -0.013644,
          -0.008918,
          0.00185,
          -0.012357,
          0.005654,
          0.01204,
          0.014639,
          0.00762,
          0.008275,
          0.00998,
          -0.007738,
          0.004806,
          0.003855,
          0.009954,
          -0.009641,
          0.013967,
          0.006806,
          0.005245,
          -0.011491,
          -0.012633,
          0.004188,
          0.014793,
          -0.0055,
          0.009682,
          -0.001001,
          0.006052,
          -0.006197,
          -0.01316,
          -0.014739,
          -0.012731,
          -0.000124,
          0.000306,
          -0.005607,
          0.009947,
          0.008447,
          0.007167,
          -0.001138,
          -0.007906,
          -0.011293,
          0.00376,
          0.011408,
          0.002317,
          0.000349,
          0.001106,
          0.006983,
          -0.006457,
          -0.011468,
          -0.00226,
          -0.002528,
          0.005927,
          0.009148,
          -0.007305,
          0.009453,
          -0.005481,
          0.01024,
          0.014188,
          -0.001559,
          -0.002848,
          0.011583,
          0.000709,
          -0.011134,
          0.011574,
          -0.004103,
          -0.005374,
          -0.002413,
          0.009769,
          -0.010382,
          0.009502,
          -0.012528,
          0.001565,
          0.001032,
          0.000749,
          0.001677,
          0.005863,
          0.005118,
          0.012578,
          0.007989,
          -0.002255,
          -0.004666,
          0.000942,
          0.013431,
          0.011796,
          0.009672,
          -0.010458,
          -0.000379,
          0.004371,
          -0.008448,
          -0.008734,
          2.1e-05,
          -0.002298,
          0.005466,
          -0.011791
        ],
        "sample_size": 200
      },
      "score": 6.1533,
      "stage": "PAPER_SHADOW",
      "correlation_penalty": 0.0,
      "disabled_by_correlation": false,
      "active": true,
      "allocation_pct": 100.0,
      "correlation_cluster": "",
      "asset_class": "stocks",
      "timeframe": "5m",
      "category": "systematic",
      "regime_preference": [
        "TRENDING",
        "RANGING",
        "HIGH_VOL",
        "LOW_VOL",
        "CRASH"
      ]
    }
  ],
  "adaptation": {
    "action": "HOLD",
    "new_trade_risk_pct": 2.0,
    "win_rate_pct": 0.0,
    "expectancy_realized_abs": 0.0,
    "expectancy_mtm_abs": -6.6692,
    "sample_size": 10,
    "realized_sample_size": 0,
    "shadow_sample": true,
    "reason": "Insufficient sample for risk increase (10/20)."
  },
  "institutional_exports": {
    "analytics_json": "reporting\\output\\institutional_analytics_20260303_205419.json",
    "equity_curve_csv": "reporting\\output\\equity_curve_20260303_205419.csv",
    "report_pdf": "reporting\\output\\institutional_report_20260303_205419.pdf"
  }
}