{
  "timestamp": "20260303_081015",
  "mode": "PAPER",
  "equity": 100037.48,
  "peak_equity": 100067.57,
  "drawdown_pct": 0.03,
  "cash_balance": 89668.34,
  "realized_pnl": 25.74,
  "unrealized_pnl": 22.62,
  "fees_paid": 10.88,
  "turnover": 39676.7,
  "trades_count": 7,
  "realized_stats": {
    "win_rate_pct": 50.0,
    "expectancy_abs": 12.87,
    "expectancy_bps": 3.62,
    "profit_factor": 3.7,
    "sharpe": 9.11,
    "rolling_window": 2,
    "basis": "REALIZED_CLOSED",
    "warnings": []
  },
  "target_compliance": {
    "win_rate_45_60": null,
    "profit_factor_gt_1_5": null,
    "sharpe_gt_1_8": null,
    "max_dd_lt_15": true,
    "expectancy_positive": null
  },
  "broker_truth": {
    "account_source": "PAPER_LEDGER",
    "last_reconciled_at": "2026-03-03T08:10:10",
    "positions_count": 3,
    "orders_count": 7,
    "trades_count": 7
  },
  "intelligence": {
    "volatility": 0.1974,
    "trend": -1,
    "regime": "LOW_VOLATILITY",
    "regime_advanced": "LOW_VOLATILITY",
    "bias": "NEUTRAL"
  },
  "strategy_reports": [
    {
      "id": "core_momentum_v1",
      "name": "core_momentum_v1",
      "metrics": {
        "win_rate": 52.6087,
        "expectancy": 0.0641,
        "avg_win": 0.7848,
        "avg_loss": 0.7359,
        "expectancy_rolling_100": 0.1533,
        "max_dd": 7.5198,
        "profit_factor": 1.1839,
        "sharpe": 1.1588,
        "returns": [
          -0.012173,
          -0.001326,
          -0.011895,
          0.005064,
          0.014826,
          -0.00392,
          0.011045,
          -0.001453,
          0.005571,
          -0.000516,
          0.013234,
          -0.014053,
          0.007584,
          0.0046,
          0.013659,
          0.0018,
          0.014855,
          0.005699,
          -0.009371,
          0.007322,
          -0.000957,
          -0.007833,
          -0.008333,
          0.008841,
          -0.013699,
          0.00045,
          -0.004469,
          -0.007381,
          0.004386,
          -0.006664,
          -0.002928,
          0.002915,
          0.010705,
          0.000602,
          -0.008279,
          -0.009171,
          -0.005137,
          0.011598,
          0.00377,
          0.012687,
          -0.003644,
          -0.001168,
          0.013608,
          -0.00777,
          0.008153,
          0.00017,
          0.000941,
          0.009245,
          0.008175,
          -0.01237,
          0.008698,
          0.003612,
          -0.004458,
          0.001754,
          -0.007963,
          0.011794,
          0.008401,
          0.014076,
          -0.011898,
          0.008593,
          0.000147,
          -0.00434,
          -0.001347,
          -0.005233,
          -0.006497,
          0.000768,
          0.008647,
          0.001605,
          -0.010317,
          -0.00882,
          -0.011467,
          0.006585,
          0.014715,
          -0.008437,
          -0.004745,
          -0.004196,
          -0.002645,
          0.011482,
          0.014587,
          -0.004522,
          -0.001118,
          -0.001281,
          0.004039,
          0.009178,
          0.010037,
          -0.010364,
          -0.013611,
          -0.00242,
          -0.007398,
          2e-05,
          -0.011866,
          -0.010317,
          -0.008966,
          -0.000971,
          -0.011868,
          0.01451,
          -0.013417,
          0.012675,
          -0.012766,
          0.011645,
          0.002432,
          0.0092,
          0.009038,
          0.012972,
          0.008375,
          -0.007494,
          -0.004354,
          0.009775,
          -0.006904,
          0.012417,
          -0.014448,
          -0.007981,
          -0.009418,
          -0.002489,
          0.008746,
          -0.002812,
          0.000528,
          0.006924,
          0.008827,
          0.005507,
          -0.001454,
          -0.010177,
          0.002387,
          0.005269,
          0.006984,
          -0.004526,
          0.01122,
          0.011234,
          0.009362,
          0.007317,
          0.002209,
          -0.012174,
          -0.010165,
          0.002156,
          0.008778,
          -0.004601,
          0.014421,
          0.003764,
          -0.011123,
          0.000982,
          -0.002115,
          0.013254,
          -0.006521,
          -0.00704,
          0.00544,
          0.013334,
          -0.006879,
          0.010624,
          -0.011132,
          -0.001906,
          -0.002814,
          -0.011803,
          0.011995,
          0.00909,
          0.014609,
          -0.004371,
          0.005595,
          -0.014525,
          0.013461,
          -0.011975,
          -0.006729,
          -0.00466,
          -0.005103,
          -0.008736,
          -0.007905,
          0.01487,
          -3.9e-05,
          0.005926,
          0.00465,
          0.0107,
          0.00018,
          0.013962,
          0.001339,
          -0.011026,
          -0.014403,
          -0.009173,
          0.011803,
          -0.003086,
          -0.001249,
          -0.001246,
          -0.012773,
          0.014353,
          0.002726,
          -0.003211,
          0.013928,
          0.011967,
          0.011448,
          0.009116,
          -0.012319,
          0.012268,
          0.001224,
          -0.008544,
          0.013075,
          -0.004804,
          0.010898,
          -0.01417,
          0.007215,
          0.009222,
          0.001541,
          0.013068
        ]
      },
      "score": 467.22,
      "stage": "PAPER",
      "correlation_penalty": 0.0,
      "disabled_by_correlation": false,
      "active": true,
      "allocation_pct": 100.0
    }
  ],
  "adaptation": {
    "action": "HOLD",
    "new_trade_risk_pct": 2.0,
    "win_rate_pct": 50.0,
    "expectancy_realized_abs": 12.8715,
    "expectancy_mtm_abs": 8.4011,
    "sample_size": 7,
    "realized_sample_size": 2,
    "shadow_sample": false,
    "reason": "Insufficient sample for risk increase (7/20)."
  },
  "institutional_exports": {
    "analytics_json": "reporting\\output\\institutional_analytics_20260303_081015.json",
    "equity_curve_csv": "reporting\\output\\equity_curve_20260303_081015.csv",
    "report_pdf": "reporting\\output\\institutional_report_20260303_081015.pdf"
  }
}