{
  "timestamp": "20260304_073546",
  "mode": "PAPER",
  "equity": 100000.0,
  "peak_equity": 100000.0,
  "drawdown_pct": 0.0,
  "cash_balance": 100000.0,
  "realized_pnl": 0.0,
  "unrealized_pnl": 0.0,
  "fees_paid": 0.0,
  "turnover": 0.0,
  "trades_count": 0,
  "realized_stats": {
    "win_rate_pct": 0.0,
    "expectancy_abs": 0.0,
    "expectancy_bps": 0.0,
    "profit_factor": 0.0,
    "sharpe": 0.0,
    "rolling_window": 0,
    "warnings": []
  },
  "target_compliance": {
    "win_rate_45_60": null,
    "profit_factor_gt_1_5": null,
    "sharpe_gt_1_8": null,
    "max_dd_lt_15": true,
    "expectancy_positive": null
  },
  "broker_truth": {
    "account_source": "FYERS_LIVE",
    "last_reconciled_at": "2026-03-04T07:35:42",
    "positions_count": 0,
    "orders_count": 0,
    "trades_count": 0
  },
  "intelligence": {
    "volatility": 0.1989,
    "trend": -1,
    "regime": "LOW_VOLATILITY",
    "regime_advanced": "LOW_VOLATILITY",
    "bias": "NEUTRAL"
  },
  "strategy_reports": [
    {
      "id": "core_momentum_v1",
      "name": "core_momentum_v1",
      "metrics": {
        "win_rate": 53.913,
        "expectancy": 0.0747,
        "avg_win": 0.7954,
        "avg_loss": 0.7683,
        "expectancy_rolling_100": 0.0671,
        "max_dd": 9.3865,
        "profit_factor": 1.2111,
        "sharpe": 1.3348,
        "returns": [
          -0.01271,
          -0.003576,
          0.003807,
          0.004803,
          -0.011106,
          -0.012351,
          0.003066,
          0.004564,
          0.009244,
          0.001778,
          -0.00602,
          -0.007567,
          -0.014898,
          0.005026,
          -0.007084,
          -0.006664,
          -0.014759,
          0.002793,
          0.009405,
          -0.013651,
          0.000951,
          0.009057,
          -0.00386,
          0.014858,
          0.009222,
          0.003664,
          -0.010842,
          0.00252,
          -0.014679,
          0.007244,
          -0.0008,
          0.014024,
          0.0037,
          0.012457,
          0.009329,
          -0.00991,
          -0.000704,
          -0.010845,
          0.000258,
          -0.014514,
          0.006909,
          -0.011091,
          0.006589,
          -0.004222,
          -0.004795,
          -0.00409,
          -0.002023,
          0.00675,
          -0.011861,
          0.006267,
          0.009926,
          -0.014532,
          0.011147,
          -0.005873,
          0.009544,
          0.002974,
          0.013944,
          0.006626,
          0.003097,
          -0.013179,
          -0.005427,
          0.006677,
          0.011138,
          0.00666,
          -0.003303,
          -0.014419,
          0.011676,
          -0.012623,
          0.013734,
          0.000488,
          0.009332,
          0.008378,
          -0.006659,
          -0.007542,
          0.014845,
          0.006819,
          -0.009776,
          0.007945,
          -0.008461,
          -0.000147,
          -0.001109,
          0.010235,
          0.005429,
          -0.00776,
          0.014262,
          -0.008597,
          -0.003995,
          0.011713,
          0.014736,
          0.0083,
          0.00992,
          0.013622,
          0.00425,
          -0.005879,
          0.01025,
          0.009048,
          0.013891,
          -0.007436,
          -0.013192,
          -0.000159,
          0.006632,
          0.009894,
          -0.011975,
          -0.000544,
          -0.003505,
          0.008037,
          -0.002417,
          0.009004,
          -0.011826,
          -0.010179,
          -0.003364,
          0.013524,
          0.008762,
          0.010636,
          0.009002,
          -0.004627,
          0.00847,
          -0.01267,
          -0.001878,
          0.004957,
          -0.010428,
          0.011463,
          -0.003272,
          -0.006832,
          0.012869,
          -0.006834,
          0.002495,
          0.008165,
          0.002617,
          0.013186,
          0.011632,
          -0.006791,
          -0.001405,
          -0.012295,
          -0.00783,
          0.006393,
          -0.00052,
          -0.005499,
          -0.013138,
          0.00426,
          0.003192,
          -0.012768,
          -0.000962,
          0.004292,
          -0.011076,
          -0.002676,
          -0.007651,
          0.006263,
          -0.013587,
          -0.013683,
          -0.008739,
          0.00155,
          0.001025,
          -0.006201,
          0.006349,
          0.007619,
          0.004854,
          -0.012612,
          0.001468,
          0.006214,
          0.00706,
          0.001598,
          0.014823,
          0.011511,
          -0.003461,
          -0.012082,
          0.013615,
          -0.014332,
          0.006233,
          0.012391,
          -0.004182,
          -0.01138,
          -0.005434,
          0.013412,
          0.011224,
          -0.003533,
          0.008553,
          -0.001577,
          -0.012296,
          -0.013007,
          0.000539,
          0.013062,
          0.011162,
          -0.001872,
          -0.000397,
          0.013813,
          0.008549,
          -0.002327,
          0.005734,
          -0.000178,
          -0.006862,
          -0.001452,
          0.001494,
          0.013232,
          -0.003137,
          -0.01041,
          0.004777,
          0.014826,
          0.000944,
          0.009415
        ],
        "sample_size": 200
      },
      "score": 7.3304,
      "stage": "LIVE",
      "correlation_penalty": 0.0,
      "disabled_by_correlation": false,
      "active": true,
      "allocation_pct": 100.0,
      "correlation_cluster": "",
      "asset_class": "stocks",
      "timeframe": "5m",
      "category": "systematic",
      "regime_preference": [
        "TRENDING",
        "RANGING",
        "HIGH_VOL",
        "LOW_VOL",
        "CRASH"
      ]
    }
  ],
  "adaptation": {
    "action": "HOLD",
    "new_trade_risk_pct": 2.0,
    "reason": "No trades in session."
  },
  "institutional_exports": {
    "analytics_json": "reporting\\output\\institutional_analytics_20260304_073546.json",
    "equity_curve_csv": "reporting\\output\\equity_curve_20260304_073546.csv",
    "report_pdf": "reporting\\output\\institutional_report_20260304_073546.pdf"
  }
}