{
  "timestamp": "20260302_233900",
  "equity": 99964.27,
  "peak_equity": 100008.92,
  "drawdown_pct": 0.04,
  "cash_balance": 80022.94,
  "realized_pnl": 0.0,
  "unrealized_pnl": -30.75,
  "fees_paid": 4.99,
  "turnover": 19972.07,
  "trades_count": 4,
  "realized_stats": {
    "win_rate_pct": 25.0,
    "expectancy_abs": -8.93,
    "expectancy_bps": -0.89,
    "profit_factor": 0.2,
    "sharpe": -9.56,
    "rolling_window": 4,
    "warnings": []
  },
  "target_compliance": {
    "win_rate_45_60": false,
    "profit_factor_gt_1_5": false,
    "sharpe_gt_1_8": false,
    "max_dd_lt_15": true,
    "expectancy_positive": false
  },
  "intelligence": {
    "volatility": 0.1518,
    "trend": 1,
    "regime": "LOW_VOLATILITY",
    "bias": "NEUTRAL"
  },
  "strategy_reports": [
    {
      "id": "core_momentum_v1",
      "name": "core_momentum_v1",
      "metrics": {
        "win_rate": 55.2174,
        "expectancy": 0.0792,
        "avg_win": 0.676,
        "avg_loss": 0.6566,
        "expectancy_rolling_100": 0.021,
        "max_dd": 6.9972,
        "profit_factor": 1.2819,
        "sharpe": 1.6756,
        "returns": [
          0.006084,
          0.01392,
          0.003711,
          -0.004842,
          -0.006398,
          -0.013618,
          0.007849,
          -0.004012,
          0.011384,
          0.00017,
          -0.013542,
          -0.010846,
          -0.005181,
          -0.00185,
          0.008889,
          0.005842,
          0.00883,
          -0.006261,
          -0.002058,
          -0.001313,
          0.013035,
          -0.007542,
          0.011108,
          -0.001984,
          0.005279,
          0.010857,
          0.00928,
          0.01183,
          0.000665,
          -0.008045,
          -0.003615,
          -0.001219,
          0.009769,
          0.006171,
          0.001449,
          0.001501,
          -0.004225,
          -0.008361,
          -0.014144,
          0.003479,
          -0.013258,
          0.000152,
          0.008529,
          -0.008257,
          -0.003577,
          -0.00377,
          0.008131,
          -0.01083,
          -0.0,
          0.005396,
          0.004572,
          -0.013921,
          -0.013686,
          -0.008104,
          0.002668,
          0.004672,
          0.004777,
          0.013622,
          0.007698,
          0.007195,
          -0.002916,
          0.009105,
          0.003703,
          0.006772,
          -0.00831,
          -0.00185,
          0.01137,
          0.005034,
          0.003141,
          -0.00811,
          0.013522,
          0.008768,
          -0.014156,
          -0.00754,
          -0.003853,
          0.002368,
          0.009895,
          0.014621,
          0.009598,
          0.00667,
          -0.010481,
          -0.010983,
          -0.000654,
          -0.003211,
          -0.006656,
          0.003395,
          0.00728,
          0.007001,
          0.007406,
          0.011666,
          -0.005079,
          -0.008603,
          0.009215,
          0.004768,
          0.003449,
          0.009763,
          0.002322,
          -0.006971,
          0.009454,
          0.008574,
          -0.005417,
          -0.012694,
          0.000764,
          0.006654,
          -0.001519,
          0.002932,
          0.008202,
          0.007182,
          0.010408,
          0.001237,
          -0.00912,
          -0.002825,
          0.003698,
          0.009305,
          0.003885,
          -0.008486,
          -0.003577,
          0.000437,
          0.000329,
          0.007681,
          -0.006789,
          0.002657,
          -0.006942,
          0.006461,
          0.000937,
          -0.013988,
          -6.6e-05,
          -0.008457,
          -0.003766,
          0.002783,
          -0.014904,
          0.004323,
          -0.01274,
          0.010983,
          -0.001126,
          0.000233,
          -0.006405,
          -0.01173,
          0.009341,
          -0.00799,
          0.009434,
          0.000887,
          0.008169,
          0.014916,
          -0.000524,
          -0.00757,
          0.006817,
          0.009366,
          0.011336,
          -0.002818,
          -0.007335,
          0.002749,
          -0.004884,
          -0.006182,
          -0.011452,
          0.003941,
          -0.006335,
          -0.013733,
          0.009665,
          -0.012691,
          0.002644,
          0.007754,
          0.000529,
          0.01486,
          -0.002788,
          0.00237,
          -0.0014,
          0.009361,
          0.001892,
          -0.00996,
          -0.000297,
          -0.002744,
          -0.006798,
          0.008089,
          0.014424,
          0.001528,
          -0.009236,
          0.007396,
          0.006894,
          0.013841,
          -0.006242,
          -0.012896,
          -0.014203,
          -0.002036,
          0.01061,
          0.003587,
          0.011438,
          0.011426,
          -0.011833,
          0.003096,
          0.005366,
          0.010466,
          0.002334,
          -0.003437,
          -0.009633,
          -0.010104,
          0.01124,
          0.014246,
          -0.008063,
          -0.008329
        ]
      },
      "score": 516.328,
      "stage": "PAPER",
      "correlation_penalty": 0.0,
      "disabled_by_correlation": false
    }
  ],
  "adaptation": {
    "action": "DECREASE_RISK",
    "new_trade_risk_pct": 1.8,
    "win_rate_pct": 25.0,
    "expectancy_abs": -8.9337,
    "reason": "Drawdown/expectancy deterioration detected."
  },
  "institutional_exports": {
    "analytics_json": "reporting\\output\\institutional_analytics_20260302_233900.json",
    "equity_curve_csv": "reporting\\output\\equity_curve_20260302_233900.csv",
    "report_pdf": "reporting\\output\\institutional_report_20260302_233900.pdf"
  }
}