{
  "timestamp": "20260302_225321",
  "equity": 99928.37,
  "peak_equity": 100000.0,
  "drawdown_pct": 0.07,
  "cash_balance": 105143.51,
  "realized_pnl": -21.67,
  "unrealized_pnl": -45.84,
  "fees_paid": 4.12,
  "turnover": 16496.32,
  "trades_count": 3,
  "realized_stats": {
    "win_rate_pct": 0.0,
    "expectancy_abs": -7.08,
    "expectancy_bps": -0.71,
    "profit_factor": 0.0,
    "sharpe": -16.15,
    "rolling_window": 3,
    "warnings": []
  },
  "target_compliance": {
    "win_rate_45_60": false,
    "profit_factor_gt_1_5": false,
    "sharpe_gt_1_8": false,
    "max_dd_lt_15": true,
    "expectancy_positive": false
  },
  "intelligence": {
    "volatility": 0.1817,
    "trend": 1,
    "regime": "LOW_VOLATILITY",
    "bias": "NEUTRAL"
  },
  "strategy_reports": [
    {
      "id": "core_momentum_v1",
      "name": "core_momentum_v1",
      "metrics": {
        "win_rate": 53.913,
        "expectancy": 0.0767,
        "avg_win": 0.7975,
        "avg_loss": 0.7666,
        "expectancy_rolling_100": 0.147,
        "max_dd": 9.4259,
        "profit_factor": 1.217,
        "sharpe": 1.3633,
        "returns": [
          -0.011744,
          -0.009495,
          0.006417,
          -0.012275,
          -0.006011,
          0.001386,
          -0.001143,
          0.003281,
          -0.012084,
          0.008401,
          0.005661,
          0.00705,
          -0.00316,
          -0.005831,
          0.001119,
          -0.013085,
          0.007685,
          -0.012926,
          -0.011599,
          -0.004646,
          -0.008193,
          -0.006743,
          0.003766,
          -0.003125,
          0.010859,
          0.012224,
          0.014654,
          0.005167,
          -0.002011,
          0.013847,
          0.0106,
          -0.002966,
          0.010643,
          0.00669,
          0.009712,
          -0.009316,
          0.013993,
          0.013675,
          -0.00116,
          -0.007183,
          -0.013331,
          0.002627,
          -0.008888,
          -0.013331,
          -0.003989,
          -0.006329,
          -0.011006,
          -0.002466,
          0.011545,
          -0.000286,
          0.003501,
          0.000684,
          -0.002892,
          0.007404,
          0.000396,
          0.010303,
          0.009125,
          0.009181,
          -0.012035,
          0.000843,
          -0.005655,
          -0.007907,
          -0.011867,
          0.011156,
          -0.013886,
          0.002307,
          0.007438,
          -0.011151,
          0.006769,
          0.012467,
          -0.014875,
          0.011534,
          -0.003126,
          0.006708,
          -0.00069,
          0.010792,
          0.010573,
          0.004736,
          -0.002222,
          0.000831,
          -0.00071,
          -0.004965,
          0.007359,
          -0.008637,
          0.013645,
          0.014141,
          -0.004219,
          0.007219,
          -0.007463,
          0.013335,
          0.005061,
          0.009077,
          -0.005332,
          0.006566,
          0.013005,
          0.001673,
          -0.01179,
          1.5e-05,
          -0.003151,
          -0.013581,
          0.014107,
          -0.004409,
          0.002508,
          0.000779,
          0.007894,
          -0.005624,
          0.009867,
          -0.014462,
          0.000239,
          0.01309,
          0.005118,
          -0.003037,
          0.008145,
          -0.009858,
          0.013448,
          0.00654,
          -0.01301,
          -0.01374,
          -0.008282,
          -0.00528,
          -0.006451,
          0.005831,
          -0.000575,
          0.004388,
          0.004741,
          0.00816,
          0.014313,
          -0.009744,
          0.013045,
          0.011501,
          -0.013878,
          0.009934,
          -0.007179,
          -0.013356,
          0.006284,
          -0.013068,
          -0.002735,
          0.012949,
          -0.001324,
          0.012526,
          0.012102,
          0.00957,
          0.006446,
          -0.003195,
          0.009993,
          0.008545,
          0.009483,
          -0.01243,
          0.013779,
          0.01108,
          0.010059,
          0.005498,
          0.006892,
          -0.006559,
          -0.002489,
          0.006451,
          -0.014128,
          0.010423,
          0.004838,
          0.003634,
          0.004707,
          0.009203,
          -0.014565,
          -0.014667,
          0.007486,
          0.003513,
          -0.008087,
          0.001827,
          -0.007948,
          -0.00711,
          0.000435,
          -0.00088,
          0.013854,
          0.012783,
          0.004718,
          0.007368,
          -0.000682,
          -0.014968,
          0.011758,
          -0.012037,
          -0.007814,
          0.01452,
          -0.013811,
          -0.009856,
          -0.003041,
          0.007219,
          0.009756,
          0.007983,
          0.008138,
          0.001036,
          0.009381,
          -0.005754,
          -0.013365,
          -0.001315,
          0.00087,
          0.01472,
          -0.009474,
          0.0113,
          0.003984,
          -0.003554
        ]
      },
      "score": 457.698,
      "stage": "REJECTED",
      "correlation_penalty": 0.0,
      "disabled_by_correlation": false
    }
  ],
  "adaptation": {
    "action": "DECREASE_RISK",
    "new_trade_risk_pct": 1.8,
    "win_rate_pct": 0.0,
    "expectancy_abs": -7.0843,
    "reason": "Drawdown/expectancy deterioration detected."
  },
  "institutional_exports": {
    "analytics_json": "reporting\\output\\institutional_analytics_20260302_225321.json",
    "equity_curve_csv": "reporting\\output\\equity_curve_20260302_225321.csv",
    "report_pdf": "reporting\\output\\institutional_report_20260302_225321.pdf"
  }
}