{
  "timestamp": "20260303_073338",
  "mode": "PAPER",
  "equity": 100100.07,
  "peak_equity": 100248.09,
  "drawdown_pct": 0.15,
  "cash_balance": 76272.08,
  "realized_pnl": 0.0,
  "unrealized_pnl": 106.0,
  "fees_paid": 5.93,
  "turnover": 23721.99,
  "trades_count": 3,
  "realized_stats": {
    "win_rate_pct": 33.33,
    "expectancy_abs": 6.95,
    "expectancy_bps": 0.7,
    "profit_factor": 2.22,
    "sharpe": 4.94,
    "rolling_window": 3,
    "warnings": []
  },
  "target_compliance": {
    "win_rate_45_60": null,
    "profit_factor_gt_1_5": null,
    "sharpe_gt_1_8": null,
    "max_dd_lt_15": true,
    "expectancy_positive": null
  },
  "broker_truth": {
    "account_source": "PAPER_LEDGER",
    "last_reconciled_at": "2026-03-03T07:33:34",
    "positions_count": 2,
    "orders_count": 3,
    "trades_count": 3
  },
  "intelligence": {
    "volatility": 0.1841,
    "trend": 1,
    "regime": "LOW_VOLATILITY",
    "regime_advanced": "LOW_VOLATILITY",
    "bias": "NEUTRAL"
  },
  "strategy_reports": [
    {
      "id": "core_momentum_v1",
      "name": "core_momentum_v1",
      "metrics": {
        "win_rate": 54.3478,
        "expectancy": 0.0995,
        "avg_win": 0.8011,
        "avg_loss": 0.7358,
        "expectancy_rolling_100": 0.1295,
        "max_dd": 6.4717,
        "profit_factor": 1.2961,
        "sharpe": 1.7757,
        "returns": [
          0.011482,
          -0.012503,
          0.014559,
          -0.001695,
          0.007978,
          -0.006085,
          0.013247,
          -0.012333,
          0.009526,
          -0.002722,
          -0.001597,
          0.013313,
          0.001134,
          -0.01103,
          0.008342,
          -0.002365,
          0.010865,
          -0.013312,
          -0.000313,
          -0.011094,
          0.013378,
          -0.002101,
          0.006064,
          -0.01083,
          -0.009111,
          -0.01105,
          0.01297,
          -0.004992,
          -0.014744,
          -0.009889,
          0.011861,
          0.000696,
          -0.00254,
          -0.001057,
          0.008062,
          -0.001533,
          0.009115,
          -0.014824,
          0.000634,
          0.012627,
          0.011478,
          0.009137,
          -0.011478,
          -0.014827,
          -0.00187,
          -0.005915,
          0.005353,
          0.004058,
          -0.000298,
          0.006944,
          -0.012477,
          -0.003343,
          0.008742,
          -0.00983,
          -0.012632,
          0.007631,
          -0.011574,
          0.001002,
          0.011564,
          -0.001548,
          0.005868,
          0.00322,
          0.006936,
          0.000859,
          -0.010239,
          -0.013574,
          0.011728,
          0.004118,
          -0.004613,
          0.002547,
          0.012852,
          0.013312,
          0.0117,
          0.01466,
          0.008385,
          -0.006242,
          0.005411,
          0.005521,
          -0.004232,
          0.012497,
          0.014544,
          -0.007015,
          0.013913,
          0.014908,
          -0.008412,
          -0.007166,
          0.010732,
          -0.013148,
          -0.002236,
          0.012895,
          0.004281,
          0.003889,
          -0.002956,
          0.00744,
          0.004344,
          0.010053,
          -0.007696,
          -0.014171,
          -0.007945,
          0.008368,
          0.013787,
          0.00833,
          -0.010639,
          0.00401,
          0.013652,
          0.007644,
          -0.00149,
          -0.004247,
          0.014463,
          0.013525,
          -0.006225,
          -0.005733,
          0.013617,
          0.000523,
          -0.001198,
          -0.006435,
          0.004206,
          -0.002484,
          0.011495,
          0.004072,
          -0.014457,
          -0.008117,
          0.011156,
          0.002234,
          -0.001669,
          -0.005712,
          0.006722,
          0.003387,
          0.010376,
          -0.012586,
          -0.007131,
          0.003496,
          -0.003132,
          -0.000554,
          -0.012992,
          0.01212,
          0.001821,
          -0.002402,
          0.006594,
          0.005695,
          0.01356,
          0.007681,
          -0.001562,
          -0.006616,
          0.001302,
          0.008555,
          0.003518,
          -0.011072,
          0.014006,
          0.011828,
          -0.002367,
          -0.006416,
          -0.014154,
          0.012622,
          -0.001871,
          -0.014487,
          -0.002852,
          0.004702,
          0.014383,
          -0.000233,
          -0.003411,
          0.014059,
          -0.01431,
          0.014901,
          -0.008769,
          0.001624,
          -0.010024,
          0.013728,
          0.001718,
          0.004731,
          0.012321,
          0.009993,
          -0.007463,
          -0.002631,
          0.000853,
          0.00549,
          0.003922,
          0.008473,
          -0.012718,
          -0.014824,
          -0.00017,
          -0.007078,
          0.00782,
          -0.010315,
          0.006568,
          0.008209,
          0.013727,
          -0.013447,
          -0.010445,
          0.011075,
          -0.006919,
          -0.001295,
          0.000223,
          0.008037,
          -0.005969,
          0.005903,
          -0.012368,
          0.00946,
          0.007793,
          0.004795
        ]
      },
      "score": 518.707,
      "stage": "PAPER",
      "correlation_penalty": 0.0,
      "disabled_by_correlation": false,
      "active": true,
      "allocation_pct": 100.0
    }
  ],
  "adaptation": {
    "action": "HOLD",
    "new_trade_risk_pct": 2.0,
    "win_rate_pct": 0.0,
    "expectancy_realized_abs": 0.0,
    "expectancy_mtm_abs": 6.9481,
    "sample_size": 3,
    "shadow_sample": false,
    "reason": "Insufficient sample for risk increase (3/20)."
  },
  "institutional_exports": {
    "analytics_json": "reporting\\output\\institutional_analytics_20260303_073338.json",
    "equity_curve_csv": "reporting\\output\\equity_curve_20260303_073338.csv",
    "report_pdf": "reporting\\output\\institutional_report_20260303_073338.pdf"
  }
}