{
  "timestamp": "20260302_232932",
  "equity": 100530.19,
  "peak_equity": 100537.42,
  "drawdown_pct": 0.01,
  "cash_balance": 80062.3,
  "realized_pnl": 0.0,
  "unrealized_pnl": 535.18,
  "fees_paid": 4.98,
  "turnover": 19932.72,
  "trades_count": 4,
  "realized_stats": {
    "win_rate_pct": 50.0,
    "expectancy_abs": 4.68,
    "expectancy_bps": 0.47,
    "profit_factor": 5.75,
    "sharpe": 9.91,
    "rolling_window": 4,
    "warnings": []
  },
  "target_compliance": {
    "win_rate_45_60": true,
    "profit_factor_gt_1_5": true,
    "sharpe_gt_1_8": true,
    "max_dd_lt_15": true,
    "expectancy_positive": true
  },
  "intelligence": {
    "volatility": 0.1818,
    "trend": 1,
    "regime": "LOW_VOLATILITY",
    "bias": "NEUTRAL"
  },
  "strategy_reports": [
    {
      "id": "core_momentum_v1",
      "name": "core_momentum_v1",
      "metrics": {
        "win_rate": 60.0,
        "expectancy": 0.181,
        "avg_win": 0.7785,
        "avg_loss": 0.7154,
        "expectancy_rolling_100": 0.1455,
        "max_dd": 6.2949,
        "profit_factor": 1.6324,
        "sharpe": 3.3695,
        "returns": [
          0.001026,
          0.008896,
          -0.007836,
          0.003533,
          0.005631,
          0.0135,
          0.013142,
          0.000429,
          0.010721,
          0.012089,
          -0.000664,
          0.010594,
          -0.007991,
          0.00382,
          0.00959,
          0.002888,
          0.000197,
          0.002711,
          -0.000555,
          0.001588,
          0.005345,
          0.002088,
          0.009202,
          -0.001125,
          -0.005573,
          -0.009832,
          0.006893,
          0.013582,
          -0.01176,
          0.004245,
          -0.00982,
          0.010799,
          0.007723,
          -0.013952,
          0.01287,
          0.013537,
          0.005034,
          -0.011704,
          -0.00018,
          0.004452,
          0.011047,
          0.001575,
          0.010267,
          -0.002353,
          0.009004,
          -0.002293,
          0.001829,
          0.008413,
          0.002121,
          -0.011109,
          0.014229,
          0.012196,
          0.009258,
          0.000326,
          -0.004632,
          0.003067,
          0.006366,
          0.008762,
          0.001196,
          -0.002006,
          -0.007451,
          -0.013065,
          0.01077,
          -0.008257,
          0.009721,
          -0.010661,
          0.013471,
          0.008081,
          0.002499,
          0.006432,
          0.01419,
          0.000181,
          -0.000298,
          -0.009766,
          0.006837,
          -0.001514,
          0.014628,
          0.00971,
          0.00405,
          0.009056,
          -4.5e-05,
          0.004053,
          0.000246,
          -0.01261,
          0.012514,
          0.007057,
          -0.013909,
          -0.008423,
          0.002111,
          -0.011321,
          -0.013292,
          0.002899,
          0.005845,
          0.003685,
          0.009091,
          0.014367,
          0.014876,
          -0.006991,
          0.004938,
          -0.013281,
          -0.007453,
          0.002402,
          0.007792,
          -0.003638,
          -0.002494,
          -0.005568,
          -0.002137,
          0.006291,
          0.011421,
          0.00922,
          0.008835,
          0.010802,
          -0.009855,
          -0.01424,
          -0.003108,
          0.000814,
          0.007172,
          -0.010548,
          -0.002693,
          0.013056,
          0.00667,
          0.012264,
          -0.002644,
          -0.000186,
          0.00862,
          0.011098,
          0.001062,
          -0.007088,
          -0.008259,
          -0.014798,
          -0.009507,
          -0.006579,
          -0.011795,
          -0.006663,
          0.014705,
          0.005184,
          0.008226,
          0.011904,
          0.014959,
          -0.003088,
          0.00572,
          0.002524,
          -0.011461,
          -0.000259,
          -0.011463,
          0.011131,
          0.005917,
          -0.005117,
          0.00343,
          0.005071,
          -0.012265,
          0.010257,
          -0.013533,
          -0.013508,
          0.008072,
          0.01134,
          0.008685,
          0.011736,
          0.01277,
          0.000548,
          -0.008626,
          0.010375,
          0.008604,
          0.010846,
          -0.002962,
          -0.007422,
          -0.01393,
          0.003548,
          0.014495,
          -0.013513,
          0.009673,
          0.00749,
          -0.006885,
          0.005372,
          -0.008298,
          0.002967,
          0.004497,
          0.008566,
          0.005347,
          -0.012799,
          0.00939,
          0.007188,
          0.014068,
          0.008389,
          -0.007241,
          -0.001441,
          0.006838,
          -0.013564,
          -0.005527,
          -0.002468,
          0.00879,
          0.002243,
          0.004644,
          -0.010671,
          0.00898,
          0.012165,
          -0.000502,
          0.012464,
          -0.003725,
          0.008335
        ]
      },
      "score": 626.082,
      "stage": "PAPER",
      "correlation_penalty": 0.0,
      "disabled_by_correlation": false
    }
  ],
  "adaptation": {
    "action": "HOLD",
    "new_trade_risk_pct": 2.0,
    "win_rate_pct": 50.0,
    "expectancy_abs": 4.68,
    "reason": "Performance within control band."
  },
  "institutional_exports": {
    "analytics_json": "reporting\\output\\institutional_analytics_20260302_232932.json",
    "equity_curve_csv": "reporting\\output\\equity_curve_20260302_232932.csv",
    "report_pdf": "reporting\\output\\institutional_report_20260302_232932.pdf"
  }
}