{
  "timestamp": "20260302_231339",
  "equity": 100000.0,
  "peak_equity": 100000.0,
  "drawdown_pct": 0.0,
  "cash_balance": 100000.0,
  "realized_pnl": 0.0,
  "unrealized_pnl": 0.0,
  "fees_paid": 0.0,
  "turnover": 0.0,
  "trades_count": 0,
  "realized_stats": {
    "win_rate_pct": 0.0,
    "expectancy_abs": 0.0,
    "expectancy_bps": 0.0,
    "profit_factor": 0.0,
    "sharpe": 0.0,
    "rolling_window": 0,
    "warnings": []
  },
  "target_compliance": {
    "win_rate_45_60": false,
    "profit_factor_gt_1_5": false,
    "sharpe_gt_1_8": false,
    "max_dd_lt_15": true,
    "expectancy_positive": false
  },
  "intelligence": {
    "volatility": 0.18,
    "trend": -1,
    "regime": "LOW_VOLATILITY",
    "bias": "NEUTRAL"
  },
  "strategy_reports": [
    {
      "id": "core_momentum_v1",
      "name": "core_momentum_v1",
      "metrics": {
        "win_rate": 44.3478,
        "expectancy": -0.0951,
        "avg_win": 0.7741,
        "avg_loss": 0.7877,
        "expectancy_rolling_100": -0.0613,
        "max_dd": 25.6642,
        "profit_factor": 0.7831,
        "sharpe": -1.7133,
        "returns": [
          -0.005776,
          0.003816,
          0.000387,
          -0.010462,
          0.001143,
          0.007796,
          0.013006,
          0.00084,
          0.01052,
          -0.004835,
          -0.004399,
          -0.001333,
          -0.014231,
          -0.012727,
          -0.00969,
          0.003776,
          -0.00817,
          0.00396,
          -0.006176,
          -0.002738,
          -0.012558,
          -0.010586,
          -0.007928,
          0.012272,
          -0.002164,
          0.002848,
          -0.006434,
          -0.002025,
          -0.00754,
          -0.009552,
          -0.008935,
          0.01328,
          0.014908,
          0.004825,
          -0.014065,
          -0.005721,
          0.013348,
          0.010848,
          -0.00115,
          -0.006104,
          -0.012178,
          -0.002549,
          -0.013171,
          0.01134,
          0.005497,
          0.002556,
          -0.009385,
          -0.013866,
          0.010144,
          -0.001496,
          0.007757,
          0.004483,
          -0.004711,
          0.011942,
          0.001109,
          0.001528,
          0.00935,
          0.005597,
          -0.011832,
          0.006952,
          0.003073,
          0.004232,
          0.001338,
          0.010787,
          -0.010307,
          -0.008266,
          -0.006937,
          0.014157,
          -0.007176,
          -0.006402,
          -0.01064,
          -0.012876,
          0.007976,
          0.012624,
          -0.01249,
          -0.003985,
          -0.011461,
          -0.007226,
          -0.012288,
          0.012576,
          -0.000183,
          0.009087,
          -0.004395,
          0.00958,
          0.00688,
          -0.011048,
          0.003624,
          0.004609,
          -0.01346,
          -0.01261,
          -0.009826,
          -0.013372,
          0.003733,
          -0.008303,
          0.010025,
          0.012025,
          -0.000471,
          -0.006887,
          -0.006255,
          -0.010671,
          -0.009327,
          0.004138,
          -0.006258,
          0.00532,
          0.010948,
          0.008417,
          -0.003455,
          0.009329,
          -0.000519,
          0.009427,
          -0.00946,
          -0.007653,
          0.007861,
          -0.00079,
          -0.010874,
          0.013528,
          -0.006195,
          -0.00122,
          0.000606,
          -0.011945,
          0.008342,
          -0.008659,
          0.014357,
          0.008379,
          0.000665,
          -0.00088,
          -0.012028,
          -0.013246,
          -0.004568,
          0.008011,
          0.007809,
          -0.0025,
          -0.005513,
          -0.00238,
          -0.008461,
          -0.009627,
          -0.011323,
          0.008679,
          0.011811,
          0.01098,
          -0.013712,
          0.004415,
          -0.003352,
          0.011168,
          -0.013032,
          -0.014932,
          -0.005765,
          0.010404,
          -0.000159,
          0.004951,
          -0.013229,
          -0.011417,
          0.002523,
          -0.011114,
          0.011976,
          -0.00748,
          0.008869,
          0.00148,
          -0.004182,
          -0.007391,
          -0.007804,
          0.001585,
          -0.007466,
          0.006893,
          0.013929,
          0.009891,
          -0.013886,
          0.007811,
          -0.004252,
          -0.008893,
          -0.013037,
          0.011513,
          -0.006595,
          -0.002591,
          -0.000481,
          0.014695,
          0.011211,
          -0.006443,
          -0.002557,
          -0.00697,
          -0.004794,
          0.001033,
          -0.013673,
          -0.009175,
          -0.002851,
          -0.002387,
          -0.012675,
          -0.003349,
          -0.001802,
          0.012812,
          0.007087,
          0.001032,
          -0.004808,
          0.013262,
          0.002932,
          0.013487,
          -0.011464,
          -0.012456,
          0.00858,
          0.009644
        ]
      },
      "score": 29.4425,
      "stage": "REJECTED",
      "correlation_penalty": 0.0,
      "disabled_by_correlation": false
    }
  ],
  "adaptation": {
    "action": "HOLD",
    "new_trade_risk_pct": 2.0,
    "reason": "No trades in session."
  },
  "institutional_exports": {
    "analytics_json": "reporting\\output\\institutional_analytics_20260302_231339.json",
    "equity_curve_csv": "reporting\\output\\equity_curve_20260302_231339.csv",
    "report_pdf": "reporting\\output\\institutional_report_20260302_231339.pdf"
  }
}