{
  "timestamp": "20260303_075447",
  "mode": "PAPER",
  "equity": 100049.52,
  "peak_equity": 100049.52,
  "drawdown_pct": 0.0,
  "cash_balance": 86317.05,
  "realized_pnl": -55.63,
  "unrealized_pnl": 113.17,
  "fees_paid": 8.01,
  "turnover": 32056.29,
  "trades_count": 5,
  "realized_stats": {
    "win_rate_pct": 20.0,
    "expectancy_abs": -17.54,
    "expectancy_bps": -1.76,
    "profit_factor": 0.17,
    "sharpe": -12.29,
    "rolling_window": 5,
    "warnings": []
  },
  "target_compliance": {
    "win_rate_45_60": null,
    "profit_factor_gt_1_5": null,
    "sharpe_gt_1_8": null,
    "max_dd_lt_15": true,
    "expectancy_positive": null
  },
  "broker_truth": {
    "account_source": "PAPER_LEDGER",
    "last_reconciled_at": "2026-03-03T07:54:43",
    "positions_count": 2,
    "orders_count": 5,
    "trades_count": 5
  },
  "intelligence": {
    "volatility": 0.1742,
    "trend": 1,
    "regime": "LOW_VOLATILITY",
    "regime_advanced": "LOW_VOLATILITY",
    "bias": "NEUTRAL"
  },
  "strategy_reports": [
    {
      "id": "core_momentum_v1",
      "name": "core_momentum_v1",
      "metrics": {
        "win_rate": 56.087,
        "expectancy": 0.0707,
        "avg_win": 0.7291,
        "avg_loss": 0.7703,
        "expectancy_rolling_100": 0.0739,
        "max_dd": 7.7957,
        "profit_factor": 1.2089,
        "sharpe": 1.2918,
        "returns": [
          0.004408,
          -0.002671,
          0.007266,
          0.011333,
          -0.006962,
          -0.004999,
          0.003274,
          -0.012939,
          -0.000709,
          -0.0144,
          0.014438,
          -0.011839,
          -0.010614,
          -0.001987,
          0.002355,
          0.004281,
          -0.009464,
          0.009447,
          0.002966,
          0.013648,
          -0.008878,
          -0.011833,
          0.002808,
          -0.010004,
          -0.012202,
          -0.010806,
          0.005935,
          -0.000322,
          -0.006038,
          -0.003533,
          0.012713,
          -0.014312,
          0.005424,
          0.01095,
          0.014705,
          -0.010605,
          0.013713,
          0.012912,
          0.001135,
          0.001646,
          0.005086,
          0.001309,
          0.011442,
          -0.009291,
          0.004253,
          0.00538,
          -0.006523,
          0.01029,
          0.010265,
          0.001276,
          0.008891,
          0.006329,
          0.013346,
          -0.013791,
          0.009984,
          0.013101,
          6.4e-05,
          0.009011,
          -0.004854,
          0.011353,
          0.008229,
          -0.003591,
          -0.003407,
          -0.004742,
          0.001003,
          0.001328,
          0.011792,
          -0.013992,
          -0.014191,
          0.00987,
          0.012235,
          9e-06,
          0.009583,
          0.007971,
          0.01202,
          -0.006573,
          -0.002908,
          -0.013137,
          0.007464,
          0.01257,
          0.001751,
          -0.014836,
          -0.013578,
          -0.004385,
          -0.001669,
          -0.007013,
          -0.010581,
          0.01432,
          -0.011391,
          0.012475,
          0.000504,
          -0.002658,
          -0.010498,
          -0.014714,
          -0.004871,
          0.003515,
          0.00943,
          0.002328,
          -0.001593,
          -0.013749,
          -0.00545,
          -0.000132,
          0.008169,
          0.011214,
          0.001277,
          -0.014418,
          -0.005282,
          0.002788,
          0.009041,
          0.007603,
          0.006176,
          0.003174,
          0.01011,
          -0.002958,
          -0.014684,
          0.004495,
          0.013276,
          -0.003148,
          0.014616,
          -0.00797,
          0.008602,
          0.0133,
          0.011778,
          0.014514,
          0.001543,
          -0.012607,
          0.006945,
          0.010722,
          0.01189,
          -0.013845,
          -0.014514,
          0.011178,
          -0.006488,
          -0.002048,
          -0.007635,
          0.012405,
          0.004591,
          0.003766,
          -0.008246,
          -0.000811,
          0.008778,
          -0.011207,
          -0.008073,
          -0.01007,
          -0.006632,
          0.0051,
          -0.008368,
          -0.004086,
          -0.014399,
          0.005658,
          0.014601,
          -0.011083,
          -0.014566,
          0.009259,
          0.009513,
          0.009316,
          -0.000662,
          0.000442,
          0.00989,
          0.001668,
          -0.010309,
          0.000759,
          0.013312,
          -0.008078,
          0.000876,
          -0.002685,
          0.005069,
          0.004127,
          0.001678,
          -0.012885,
          0.004568,
          0.007656,
          0.009589,
          0.003846,
          0.003291,
          0.001421,
          -0.00063,
          0.009845,
          -0.003784,
          0.000476,
          0.014293,
          0.014924,
          -0.005087,
          0.002828,
          -0.010823,
          0.001863,
          0.003198,
          -0.001613,
          0.007953,
          -0.010517,
          0.003871,
          -0.007441,
          -0.013244,
          -0.009483,
          0.003565,
          0.00774,
          -0.00563,
          -0.002854,
          -0.004033,
          -0.011752
        ]
      },
      "score": 501.8215,
      "stage": "PAPER",
      "correlation_penalty": 0.0,
      "disabled_by_correlation": false,
      "active": true,
      "allocation_pct": 100.0
    }
  ],
  "adaptation": {
    "action": "HOLD",
    "new_trade_risk_pct": 0.525,
    "win_rate_pct": 0.0,
    "expectancy_realized_abs": -27.8171,
    "expectancy_mtm_abs": -17.5376,
    "sample_size": 5,
    "realized_sample_size": 2,
    "shadow_sample": false,
    "reason": "Insufficient sample for risk increase (5/20)."
  },
  "institutional_exports": {
    "analytics_json": "reporting\\output\\institutional_analytics_20260303_075447.json",
    "equity_curve_csv": "reporting\\output\\equity_curve_20260303_075447.csv",
    "report_pdf": "reporting\\output\\institutional_report_20260303_075447.pdf"
  }
}