{
  "timestamp": "20260303_031718",
  "equity": 99948.53,
  "peak_equity": 100000.0,
  "drawdown_pct": 0.05,
  "cash_balance": 115145.26,
  "realized_pnl": 0.0,
  "unrealized_pnl": -47.68,
  "fees_paid": 3.79,
  "turnover": 15149.05,
  "trades_count": 3,
  "realized_stats": {
    "win_rate_pct": 0.0,
    "expectancy_abs": -8.45,
    "expectancy_bps": -0.85,
    "profit_factor": 0.0,
    "sharpe": -22.67,
    "rolling_window": 3,
    "warnings": []
  },
  "target_compliance": {
    "win_rate_45_60": false,
    "profit_factor_gt_1_5": false,
    "sharpe_gt_1_8": false,
    "max_dd_lt_15": true,
    "expectancy_positive": false
  },
  "intelligence": {
    "volatility": 0.1733,
    "trend": -1,
    "regime": "LOW_VOLATILITY",
    "bias": "NEUTRAL"
  },
  "strategy_reports": [
    {
      "id": "core_momentum_v1",
      "name": "core_momentum_v1",
      "metrics": {
        "win_rate": 51.3043,
        "expectancy": 0.0094,
        "avg_win": 0.7645,
        "avg_loss": 0.7862,
        "expectancy_rolling_100": 0.1048,
        "max_dd": 13.3383,
        "profit_factor": 1.0245,
        "sharpe": 0.1695,
        "returns": [
          0.013231,
          -0.000881,
          -0.014781,
          0.007616,
          0.002753,
          0.012574,
          -0.005166,
          -0.005476,
          0.003987,
          -0.011993,
          -0.001653,
          0.001646,
          0.013257,
          0.006313,
          0.009602,
          0.00437,
          0.001605,
          0.009058,
          -0.005241,
          0.002586,
          -0.008851,
          -0.003338,
          0.005696,
          -0.014183,
          -0.010797,
          0.003216,
          0.00639,
          0.002562,
          0.010915,
          -0.00418,
          -0.001803,
          0.010172,
          0.001124,
          0.000605,
          0.011622,
          -0.013941,
          0.012817,
          0.006943,
          0.002669,
          -0.010041,
          -0.005453,
          0.010628,
          0.002794,
          0.013472,
          -0.013176,
          -0.012654,
          -0.008234,
          -0.013655,
          -0.009642,
          -0.004573,
          -0.007769,
          -0.007604,
          0.000428,
          0.014234,
          0.00874,
          -0.011477,
          0.010083,
          -0.002491,
          0.01173,
          0.013517,
          -0.014321,
          -0.011567,
          -0.010984,
          -0.014878,
          0.005168,
          0.002496,
          -0.007311,
          0.009446,
          0.013816,
          0.001011,
          -0.013959,
          -0.011077,
          0.007418,
          -0.009053,
          0.005835,
          0.005116,
          -0.011217,
          0.008563,
          0.00626,
          0.000175,
          0.003411,
          0.006676,
          -0.011538,
          0.012444,
          0.011258,
          -0.00177,
          0.013166,
          -0.011387,
          -0.009266,
          -0.010097,
          -0.001617,
          -0.001698,
          0.006615,
          0.014594,
          -0.010055,
          -0.001352,
          -0.009928,
          -0.014387,
          -0.00129,
          -0.013056,
          0.005329,
          -0.00428,
          0.011639,
          0.014017,
          0.006276,
          0.007288,
          -0.013457,
          0.007443,
          -0.005288,
          -0.002467,
          -0.00997,
          -0.011263,
          -0.007206,
          -0.008327,
          -0.003458,
          -0.012936,
          0.005649,
          0.000637,
          0.013222,
          -0.011126,
          0.003401,
          -0.005189,
          -0.004879,
          0.003392,
          -0.007871,
          0.005885,
          -0.012154,
          0.012854,
          -0.012848,
          -0.001932,
          0.011141,
          -0.001414,
          0.011265,
          -0.011754,
          -0.008811,
          0.007094,
          -0.00162,
          0.001605,
          0.005342,
          -0.007742,
          0.008563,
          -3e-05,
          -0.008321,
          0.003542,
          -0.009322,
          0.010111,
          0.01203,
          0.011122,
          -0.006753,
          0.010049,
          0.00136,
          0.008801,
          0.007851,
          -0.013985,
          0.01239,
          -0.004619,
          0.004985,
          -0.002072,
          -0.006425,
          0.006878,
          0.009508,
          -0.003505,
          0.002608,
          0.003375,
          0.006318,
          0.008173,
          -0.008405,
          0.0059,
          0.008479,
          0.006567,
          0.014731,
          0.008889,
          0.012359,
          0.009801,
          -0.006823,
          -0.002926,
          -0.011884,
          0.006524,
          0.011058,
          0.008791,
          -0.014914,
          0.003918,
          -0.0098,
          0.014964,
          0.006299,
          0.009671,
          -0.008726,
          0.002797,
          0.004136,
          0.001489,
          -0.005496,
          -0.010538,
          0.008378,
          0.009026,
          0.000357,
          -0.008713,
          -0.006387,
          -0.003892,
          0.004652,
          0.004373
        ]
      },
      "score": 337.884,
      "stage": "REJECTED",
      "correlation_penalty": 0.0,
      "disabled_by_correlation": false
    }
  ],
  "adaptation": {
    "action": "DECREASE_RISK",
    "new_trade_risk_pct": 1.8,
    "win_rate_pct": 0.0,
    "expectancy_abs": -8.4486,
    "reason": "Drawdown/expectancy deterioration detected."
  },
  "institutional_exports": {
    "analytics_json": "reporting\\output\\institutional_analytics_20260303_031718.json",
    "equity_curve_csv": "reporting\\output\\equity_curve_20260303_031718.csv",
    "report_pdf": "reporting\\output\\institutional_report_20260303_031718.pdf"
  }
}