{
  "timestamp": "20260303_222201",
  "mode": "PAPER",
  "equity": 100000.0,
  "peak_equity": 100000.0,
  "drawdown_pct": 0.0,
  "cash_balance": 100000.0,
  "realized_pnl": 0.0,
  "unrealized_pnl": 0.0,
  "fees_paid": 0.0,
  "turnover": 0.0,
  "trades_count": 0,
  "realized_stats": {
    "win_rate_pct": 0.0,
    "expectancy_abs": 0.0,
    "expectancy_bps": 0.0,
    "profit_factor": 0.0,
    "sharpe": 0.0,
    "rolling_window": 0,
    "warnings": []
  },
  "target_compliance": {
    "win_rate_45_60": null,
    "profit_factor_gt_1_5": null,
    "sharpe_gt_1_8": null,
    "max_dd_lt_15": true,
    "expectancy_positive": null
  },
  "broker_truth": {
    "account_source": "FYERS_LIVE",
    "last_reconciled_at": "2026-03-03T22:21:56",
    "positions_count": 0,
    "orders_count": 0,
    "trades_count": 0
  },
  "intelligence": {
    "volatility": 0.1765,
    "trend": -1,
    "regime": "LOW_VOLATILITY",
    "regime_advanced": "LOW_VOLATILITY",
    "bias": "NEUTRAL"
  },
  "strategy_reports": [
    {
      "id": "core_momentum_v1",
      "name": "core_momentum_v1",
      "metrics": {
        "win_rate": 46.9565,
        "expectancy": -0.0698,
        "avg_win": 0.7016,
        "avg_loss": 0.7526,
        "expectancy_rolling_100": -0.1154,
        "max_dd": 18.6743,
        "profit_factor": 0.8252,
        "sharpe": -1.3127,
        "returns": [
          -0.004452,
          0.009113,
          0.004448,
          0.002219,
          -0.004546,
          0.00274,
          -0.008403,
          0.012901,
          -0.008868,
          0.010482,
          -0.007468,
          0.011345,
          -0.010528,
          -0.009307,
          0.000286,
          0.005223,
          -0.003599,
          -0.004554,
          -0.00386,
          0.005576,
          -0.010608,
          -0.012057,
          -0.000835,
          0.01032,
          -0.013096,
          0.013525,
          0.007197,
          -0.004825,
          0.004999,
          -0.005052,
          -0.012287,
          -0.00179,
          0.012282,
          0.000813,
          0.002694,
          -0.009054,
          0.009838,
          0.013274,
          -0.009692,
          0.007094,
          -0.013919,
          -1.7e-05,
          0.014489,
          -0.004396,
          -0.000197,
          0.003955,
          -0.011546,
          -0.002543,
          -0.000684,
          0.0091,
          0.006982,
          0.013052,
          -0.011721,
          0.001899,
          0.011525,
          0.013163,
          0.002009,
          0.007675,
          0.00464,
          0.000139,
          -0.003015,
          0.010842,
          -0.001144,
          -0.009148,
          -0.005105,
          0.001452,
          0.001378,
          0.000243,
          0.000941,
          0.012164,
          0.012198,
          -0.006963,
          -0.010509,
          0.006372,
          -0.002219,
          -0.008225,
          -0.012831,
          0.00055,
          -0.000211,
          0.005202,
          -0.01393,
          -0.005549,
          -0.011859,
          -0.00768,
          -0.004231,
          0.004624,
          0.003209,
          0.001244,
          0.01112,
          -0.01464,
          0.00735,
          0.00371,
          0.005212,
          -0.007988,
          -0.003431,
          -0.014692,
          -0.001354,
          0.003277,
          -0.011547,
          0.001653,
          0.012317,
          0.013176,
          -0.003247,
          -0.011688,
          0.014171,
          0.00193,
          -0.010844,
          0.01052,
          0.01,
          -0.012447,
          0.006561,
          0.001545,
          -0.014692,
          0.002757,
          -0.008873,
          -0.002357,
          -0.005428,
          -0.010227,
          -0.010345,
          -0.00745,
          -0.009172,
          0.004293,
          -0.001333,
          -0.012295,
          -0.010018,
          -0.006409,
          -0.011842,
          0.003638,
          -0.007527,
          -0.012877,
          0.001611,
          0.011787,
          -0.004623,
          0.001627,
          0.007295,
          0.014694,
          -0.00505,
          0.005914,
          0.00155,
          -0.011335,
          -0.00963,
          -0.014593,
          0.011136,
          -0.009357,
          -0.014624,
          -0.009147,
          -0.005255,
          0.006005,
          0.006343,
          0.013295,
          -0.007085,
          -0.006222,
          0.009126,
          0.00366,
          -0.014433,
          0.004875,
          0.009076,
          0.009977,
          -0.004837,
          0.009771,
          -0.001017,
          0.014423,
          -0.011807,
          -0.001821,
          0.000802,
          -0.005354,
          -0.002579,
          0.014561,
          -0.004956,
          -0.008242,
          0.004733,
          0.003059,
          0.01256,
          0.008121,
          0.011701,
          -0.009269,
          -0.014152,
          0.007249,
          -0.011773,
          0.012652,
          0.004664,
          -0.001025,
          -0.003563,
          -0.009964,
          -0.012331,
          0.006682,
          -0.006314,
          -0.013563,
          0.007893,
          -0.002103,
          -0.005433,
          0.007571,
          0.01343,
          -0.008827,
          -0.008188,
          -0.006421,
          -0.003033,
          -0.005474,
          -0.013716,
          0.002034
        ],
        "sample_size": 200
      },
      "score": 4.1065,
      "stage": "PAPER_SHADOW",
      "correlation_penalty": 0.0,
      "disabled_by_correlation": false,
      "active": true,
      "allocation_pct": 100.0,
      "correlation_cluster": "",
      "asset_class": "stocks",
      "timeframe": "5m",
      "category": "systematic",
      "regime_preference": [
        "TRENDING",
        "RANGING",
        "HIGH_VOL",
        "LOW_VOL",
        "CRASH"
      ]
    }
  ],
  "adaptation": {
    "action": "HOLD",
    "new_trade_risk_pct": 2.0,
    "reason": "No trades in session."
  },
  "institutional_exports": {
    "analytics_json": "reporting\\output\\institutional_analytics_20260303_222201.json",
    "equity_curve_csv": "reporting\\output\\equity_curve_20260303_222201.csv",
    "report_pdf": "reporting\\output\\institutional_report_20260303_222201.pdf"
  }
}