{
  "timestamp": "20260302_230125",
  "equity": 100009.35,
  "peak_equity": 100009.35,
  "drawdown_pct": 0.0,
  "cash_balance": 105370.84,
  "realized_pnl": 0.0,
  "unrealized_pnl": 10.69,
  "fees_paid": 1.34,
  "turnover": 5372.18,
  "trades_count": 1,
  "realized_stats": {
    "win_rate_pct": 0.0,
    "expectancy_abs": -2.3,
    "expectancy_bps": -0.23,
    "profit_factor": 0.0,
    "sharpe": 0.0,
    "rolling_window": 1,
    "warnings": []
  },
  "target_compliance": {
    "win_rate_45_60": false,
    "profit_factor_gt_1_5": false,
    "sharpe_gt_1_8": false,
    "max_dd_lt_15": true,
    "expectancy_positive": false
  },
  "intelligence": {
    "volatility": 0.1454,
    "trend": -1,
    "regime": "LOW_VOLATILITY",
    "bias": "NEUTRAL"
  },
  "strategy_reports": [
    {
      "id": "core_momentum_v1",
      "name": "core_momentum_v1",
      "metrics": {
        "win_rate": 53.0435,
        "expectancy": 0.1038,
        "avg_win": 0.8218,
        "avg_loss": 0.7072,
        "expectancy_rolling_100": 0.1024,
        "max_dd": 5.2622,
        "profit_factor": 1.3127,
        "sharpe": 1.8904,
        "returns": [
          -0.002838,
          -0.006218,
          0.009911,
          0.011916,
          -0.007957,
          -0.001662,
          0.005055,
          0.005979,
          0.010578,
          -0.006939,
          -0.007589,
          -0.009274,
          0.014634,
          -0.007571,
          0.010337,
          0.005851,
          0.005786,
          0.014816,
          -0.003298,
          -0.014706,
          0.008738,
          -0.014332,
          -0.004037,
          0.011925,
          -0.009769,
          -0.00566,
          0.012427,
          0.007342,
          -0.004367,
          0.010092,
          0.0117,
          -0.008537,
          -0.013443,
          -0.008347,
          -0.012381,
          0.007393,
          0.004014,
          0.011148,
          0.011116,
          0.006043,
          0.011137,
          -0.012078,
          0.007681,
          0.000154,
          0.007225,
          -0.000572,
          0.005249,
          0.007337,
          -0.011148,
          -0.011944,
          0.010209,
          0.006705,
          -0.009926,
          -0.00672,
          -0.001268,
          -0.002933,
          -0.004882,
          0.001063,
          -0.000478,
          -0.011343,
          0.010915,
          -0.006981,
          0.003381,
          -0.013969,
          -0.004176,
          0.014549,
          0.005659,
          0.013946,
          -0.010756,
          0.001835,
          0.014026,
          -0.000847,
          -0.006074,
          -0.003331,
          0.011138,
          0.003751,
          0.013445,
          -0.009528,
          0.006556,
          6.7e-05,
          0.002473,
          -0.008236,
          -0.009807,
          -0.012964,
          0.013865,
          0.012612,
          0.000616,
          -0.000572,
          0.008986,
          0.00347,
          -0.006534,
          0.012834,
          0.010367,
          0.000465,
          0.011613,
          0.002002,
          -0.012036,
          -0.003048,
          -0.013059,
          0.011132,
          0.014422,
          0.009367,
          0.007005,
          -0.011382,
          0.009658,
          0.0131,
          0.006764,
          -0.002287,
          0.01395,
          -0.006954,
          0.005572,
          0.012151,
          -0.007195,
          -0.011077,
          -0.011839,
          -0.00738,
          -0.003796,
          -0.004237,
          0.014967,
          -0.001077,
          0.012516,
          -0.004374,
          -0.004661,
          0.009909,
          -0.007388,
          -0.001183,
          -0.005028,
          0.013859,
          -0.010967,
          0.003107,
          0.003353,
          0.013672,
          0.013995,
          -0.008914,
          0.005056,
          0.010249,
          0.007039,
          -0.001965,
          -0.005017,
          -0.014069,
          -0.007817,
          0.013861,
          0.008121,
          0.009237,
          0.010398,
          -0.001902,
          -0.003843,
          -0.002021,
          0.010946,
          0.005942,
          -0.001335,
          0.006999,
          -0.002582,
          -0.005573,
          0.009453,
          -0.014435,
          -0.005904,
          0.011128,
          0.012733,
          0.006884,
          0.006028,
          0.0147,
          0.001244,
          -0.006104,
          -0.000118,
          -0.00519,
          0.001072,
          0.003164,
          -0.000687,
          -0.013223,
          0.008101,
          -0.000809,
          -0.005869,
          -0.014824,
          -0.014323,
          0.009859,
          0.010845,
          0.014698,
          -0.001467,
          0.003132,
          -0.005439,
          -0.010232,
          0.006748,
          -0.009139,
          0.008739,
          0.003329,
          0.003574,
          0.007788,
          0.009153,
          -0.012435,
          -0.004523,
          0.011297,
          -0.007696,
          -0.011148,
          -0.001286,
          0.003474,
          -0.005347,
          -0.000381,
          -0.011793,
          -0.011732
        ]
      },
      "score": 527.092,
      "stage": "REJECTED",
      "correlation_penalty": 0.0,
      "disabled_by_correlation": false
    }
  ],
  "adaptation": {
    "action": "DECREASE_RISK",
    "new_trade_risk_pct": 1.8,
    "win_rate_pct": 0.0,
    "expectancy_abs": -2.2958,
    "reason": "Drawdown/expectancy deterioration detected."
  },
  "institutional_exports": {
    "analytics_json": "reporting\\output\\institutional_analytics_20260302_230125.json",
    "equity_curve_csv": "reporting\\output\\equity_curve_20260302_230125.csv",
    "report_pdf": "reporting\\output\\institutional_report_20260302_230125.pdf"
  }
}