{
  "timestamp": "20260303_212719",
  "mode": "PAPER",
  "equity": 100071.14,
  "peak_equity": 100081.45,
  "drawdown_pct": 0.01,
  "cash_balance": 98602.55,
  "realized_pnl": 0.0,
  "unrealized_pnl": 76.21,
  "fees_paid": 5.07,
  "turnover": 20279.83,
  "trades_count": 11,
  "realized_stats": {
    "win_rate_pct": 72.73,
    "expectancy_abs": 12.32,
    "expectancy_bps": 1.23,
    "profit_factor": 4.25,
    "sharpe": 9.88,
    "rolling_window": 11,
    "basis": "CYCLE_MTM",
    "warnings": []
  },
  "target_compliance": {
    "win_rate_45_60": null,
    "profit_factor_gt_1_5": null,
    "sharpe_gt_1_8": null,
    "max_dd_lt_15": true,
    "expectancy_positive": null
  },
  "broker_truth": {
    "account_source": "FYERS_LIVE",
    "last_reconciled_at": "2026-03-03T21:27:16",
    "positions_count": 2,
    "orders_count": 11,
    "trades_count": 11
  },
  "intelligence": {
    "volatility": 0.1645,
    "trend": 0,
    "regime": "LOW_VOLATILITY",
    "regime_advanced": "RANGE_BOUND",
    "bias": "NEUTRAL"
  },
  "strategy_reports": [
    {
      "id": "core_momentum_v1",
      "name": "core_momentum_v1",
      "metrics": {
        "win_rate": 50.0,
        "expectancy": -0.0075,
        "avg_win": 0.6946,
        "avg_loss": 0.7097,
        "expectancy_rolling_100": 0.0432,
        "max_dd": 14.1724,
        "profit_factor": 0.9873,
        "sharpe": -0.0849,
        "returns": [
          -0.002442,
          -0.001899,
          0.00039,
          0.006289,
          -0.000869,
          0.006653,
          -0.007057,
          -0.014371,
          -0.005211,
          -0.000902,
          0.001115,
          -0.001099,
          0.001592,
          -0.010452,
          -0.001484,
          0.007454,
          0.005043,
          -0.009922,
          -0.006173,
          -0.003743,
          0.014183,
          0.007088,
          -0.007798,
          0.000158,
          -0.005793,
          -0.01158,
          0.005448,
          0.014131,
          -0.014228,
          0.011382,
          -0.003115,
          0.014759,
          0.002685,
          -0.003653,
          -0.006338,
          -0.012758,
          -0.012894,
          -0.008262,
          -0.011098,
          0.002303,
          0.000432,
          0.000731,
          -0.001857,
          0.008441,
          -0.000345,
          -0.007573,
          0.001073,
          -0.013557,
          -0.013721,
          -0.009154,
          -0.002384,
          0.014134,
          -0.001879,
          -0.003188,
          -9.3e-05,
          -0.00992,
          0.01213,
          -0.000255,
          0.002064,
          0.009112,
          0.013457,
          -0.014739,
          0.000909,
          0.009459,
          0.00326,
          -0.005494,
          -0.012207,
          0.001614,
          -0.009559,
          0.010674,
          0.009726,
          0.002082,
          0.00689,
          -0.0,
          0.005271,
          -0.003531,
          0.01246,
          -0.009822,
          0.008025,
          0.014241,
          0.00206,
          -0.012524,
          0.005565,
          -0.007021,
          -0.009481,
          -0.007783,
          -0.008579,
          -0.008042,
          0.010856,
          0.011624,
          0.011725,
          0.009724,
          0.004616,
          -0.002144,
          -0.001375,
          0.005817,
          -0.006233,
          -0.001357,
          0.005572,
          0.008032,
          -0.007762,
          -0.001976,
          0.004132,
          0.000363,
          -0.012665,
          -0.014653,
          -0.000296,
          -0.014506,
          0.00606,
          0.008326,
          0.012486,
          -0.003605,
          0.00527,
          -0.006727,
          -0.007376,
          -0.000678,
          0.010865,
          0.001832,
          -0.000695,
          0.001239,
          0.008518,
          -0.003913,
          0.00505,
          0.012568,
          1.1e-05,
          -0.008316,
          -0.006662,
          -0.00756,
          -0.012488,
          0.009404,
          -0.011841,
          -0.014591,
          0.011821,
          0.003045,
          -0.004666,
          -0.011903,
          0.008559,
          0.013948,
          -0.014926,
          0.008904,
          -0.005738,
          0.007777,
          0.012035,
          0.012025,
          -0.002144,
          0.004188,
          -0.006168,
          -0.014079,
          -0.006373,
          0.009139,
          0.00354,
          0.005225,
          -0.014175,
          -0.001213,
          -0.013758,
          -0.002937,
          0.009802,
          0.008493,
          -0.007219,
          0.003164,
          0.012683,
          0.008794,
          0.008916,
          0.000904,
          0.013842,
          0.012713,
          0.006132,
          0.004678,
          0.011763,
          0.012595,
          0.004159,
          0.006549,
          -0.001905,
          0.007962,
          -0.000567,
          0.010406,
          0.003568,
          -0.011315,
          -0.012927,
          0.003984,
          0.005827,
          -0.003801,
          0.003647,
          0.009387,
          -0.01494,
          -0.002327,
          -0.009061,
          -0.011544,
          -0.001204,
          0.003896,
          -0.00152,
          0.001306,
          0.004087,
          0.012533,
          1.9e-05,
          -0.002963,
          -0.011885,
          0.001389,
          0.004952,
          -0.013738
        ],
        "sample_size": 200
      },
      "score": 5.5982,
      "stage": "PAPER_SHADOW",
      "correlation_penalty": 0.0,
      "disabled_by_correlation": false,
      "active": true,
      "allocation_pct": 100.0,
      "correlation_cluster": "",
      "asset_class": "stocks",
      "timeframe": "5m",
      "category": "systematic",
      "regime_preference": [
        "TRENDING",
        "RANGING",
        "HIGH_VOL",
        "LOW_VOL",
        "CRASH"
      ]
    }
  ],
  "adaptation": {
    "action": "HOLD",
    "new_trade_risk_pct": 2.0,
    "win_rate_pct": 0.0,
    "expectancy_realized_abs": 0.0,
    "expectancy_mtm_abs": 12.3248,
    "sample_size": 11,
    "realized_sample_size": 0,
    "shadow_sample": true,
    "reason": "Insufficient sample for risk increase (11/20)."
  },
  "institutional_exports": {
    "analytics_json": "reporting\\output\\institutional_analytics_20260303_212719.json",
    "equity_curve_csv": "reporting\\output\\equity_curve_20260303_212719.csv",
    "report_pdf": "reporting\\output\\institutional_report_20260303_212719.pdf"
  }
}