{
  "timestamp": "20260303_075922",
  "mode": "PAPER",
  "equity": 100134.13,
  "peak_equity": 100134.13,
  "drawdown_pct": 0.0,
  "cash_balance": 100393.15,
  "realized_pnl": -46.28,
  "unrealized_pnl": 192.1,
  "fees_paid": 11.69,
  "turnover": 46747.97,
  "trades_count": 7,
  "realized_stats": {
    "win_rate_pct": 71.43,
    "expectancy_abs": 9.38,
    "expectancy_bps": 0.94,
    "profit_factor": 2.84,
    "sharpe": 6.61,
    "rolling_window": 7,
    "warnings": []
  },
  "target_compliance": {
    "win_rate_45_60": null,
    "profit_factor_gt_1_5": null,
    "sharpe_gt_1_8": null,
    "max_dd_lt_15": true,
    "expectancy_positive": null
  },
  "broker_truth": {
    "account_source": "PAPER_LEDGER",
    "last_reconciled_at": "2026-03-03T07:59:18",
    "positions_count": 3,
    "orders_count": 7,
    "trades_count": 7
  },
  "intelligence": {
    "volatility": 0.1546,
    "trend": 1,
    "regime": "LOW_VOLATILITY",
    "regime_advanced": "LOW_VOLATILITY",
    "bias": "NEUTRAL"
  },
  "strategy_reports": [
    {
      "id": "core_momentum_v1",
      "name": "core_momentum_v1",
      "metrics": {
        "win_rate": 54.3478,
        "expectancy": 0.0773,
        "avg_win": 0.7622,
        "avg_loss": 0.7381,
        "expectancy_rolling_100": 0.0563,
        "max_dd": 11.7307,
        "profit_factor": 1.2294,
        "sharpe": 1.4257,
        "returns": [
          -0.00966,
          0.011135,
          -0.007171,
          0.014662,
          -0.006078,
          0.00448,
          -0.000345,
          -0.008668,
          0.012713,
          0.00855,
          0.005162,
          0.002527,
          0.007011,
          0.006445,
          0.000931,
          0.010118,
          0.006766,
          -0.006355,
          -0.009422,
          -0.006563,
          -0.010084,
          0.009636,
          0.000231,
          0.007354,
          0.005409,
          0.00442,
          -0.007634,
          -0.008949,
          0.010215,
          0.003018,
          -0.007332,
          0.010336,
          -0.008371,
          0.005826,
          -0.0122,
          -0.002767,
          0.01355,
          -0.001354,
          0.011798,
          0.00864,
          0.002977,
          -0.004971,
          -0.0036,
          0.005702,
          0.003786,
          -0.001187,
          0.002658,
          -0.014463,
          0.011155,
          0.011966,
          -0.008023,
          0.003881,
          -0.004413,
          -0.0013,
          0.001938,
          0.012148,
          0.00198,
          0.005678,
          -0.007406,
          0.014609,
          0.014361,
          -0.011238,
          -0.00556,
          0.01126,
          0.013656,
          -0.010325,
          -0.012716,
          -0.000379,
          -0.013347,
          0.000898,
          -0.010176,
          -0.002527,
          -0.001926,
          0.004894,
          -0.000784,
          0.010269,
          0.013266,
          -0.010132,
          0.006443,
          0.006604,
          0.008072,
          0.010891,
          0.008873,
          0.013674,
          -0.003101,
          -0.003465,
          0.000119,
          0.008749,
          -0.012934,
          0.006062,
          -0.004851,
          -0.004316,
          0.009653,
          0.007654,
          0.010392,
          0.014008,
          -0.01441,
          -0.001655,
          -0.011973,
          0.001081,
          0.001894,
          0.008869,
          0.000374,
          0.009324,
          0.006387,
          0.014921,
          0.008587,
          -0.011049,
          -0.011943,
          0.014877,
          -0.009443,
          -0.005904,
          0.002037,
          -0.006267,
          -0.009346,
          -0.006896,
          -0.014501,
          -0.009998,
          0.009274,
          -0.008182,
          0.003061,
          -0.010079,
          -0.000701,
          0.005859,
          -0.002382,
          0.006641,
          0.01246,
          0.006335,
          0.004225,
          0.011403,
          -0.001711,
          0.013121,
          -0.013347,
          -0.004682,
          -0.00822,
          -0.000444,
          0.009182,
          0.014004,
          0.005413,
          0.00272,
          0.01302,
          0.014926,
          0.014864,
          0.004039,
          0.014153,
          -0.006151,
          -0.00288,
          0.01055,
          0.009948,
          0.008954,
          0.013542,
          0.011674,
          -0.011009,
          0.002454,
          -0.014268,
          -0.005768,
          -0.010728,
          -0.011962,
          0.0136,
          -0.010514,
          -0.010811,
          -0.012071,
          -0.014179,
          -0.001051,
          -0.008894,
          0.013505,
          -0.013817,
          -0.013231,
          -0.01491,
          0.009968,
          0.001614,
          -0.002002,
          0.008255,
          0.003404,
          -0.00071,
          0.00334,
          -0.009508,
          0.000603,
          -0.005509,
          0.006872,
          0.008035,
          -0.011018,
          0.009719,
          -0.010131,
          0.00664,
          0.005306,
          -0.00187,
          0.013226,
          -0.00152,
          -0.013525,
          0.005044,
          -0.000883,
          0.011136,
          0.001224,
          0.005808,
          -0.01357,
          -0.001433,
          0.002296,
          0.005665,
          0.000958
        ]
      },
      "score": 429.294,
      "stage": "PAPER",
      "correlation_penalty": 0.0,
      "disabled_by_correlation": false,
      "active": true,
      "allocation_pct": 100.0
    }
  ],
  "adaptation": {
    "action": "HOLD",
    "new_trade_risk_pct": 1.785,
    "win_rate_pct": 0.0,
    "expectancy_realized_abs": -23.1421,
    "expectancy_mtm_abs": 9.3807,
    "sample_size": 7,
    "realized_sample_size": 2,
    "shadow_sample": false,
    "reason": "Insufficient sample for risk increase (7/20)."
  },
  "institutional_exports": {
    "analytics_json": "reporting\\output\\institutional_analytics_20260303_075922.json",
    "equity_curve_csv": "reporting\\output\\equity_curve_20260303_075922.csv",
    "report_pdf": "reporting\\output\\institutional_report_20260303_075922.pdf"
  }
}