{
  "timestamp": "20260303_071402",
  "mode": "PAPER",
  "equity": 99938.13,
  "peak_equity": 100034.69,
  "drawdown_pct": 0.1,
  "cash_balance": 116573.53,
  "realized_pnl": -11.25,
  "unrealized_pnl": -45.59,
  "fees_paid": 5.03,
  "turnover": 20104.99,
  "trades_count": 11,
  "realized_stats": {
    "win_rate_pct": 72.73,
    "expectancy_abs": 4.58,
    "expectancy_bps": 0.46,
    "profit_factor": 1.65,
    "sharpe": 3.18,
    "rolling_window": 11,
    "warnings": []
  },
  "target_compliance": {
    "win_rate_45_60": null,
    "profit_factor_gt_1_5": null,
    "sharpe_gt_1_8": null,
    "max_dd_lt_15": true,
    "expectancy_positive": null
  },
  "broker_truth": {
    "account_source": "PAPER_LEDGER",
    "last_reconciled_at": "2026-03-03T07:13:58",
    "positions_count": 3,
    "orders_count": 11,
    "trades_count": 11
  },
  "intelligence": {
    "volatility": 0.1523,
    "trend": 1,
    "regime": "LOW_VOLATILITY",
    "bias": "NEUTRAL"
  },
  "strategy_reports": [
    {
      "id": "core_momentum_v1",
      "name": "core_momentum_v1",
      "metrics": {
        "win_rate": 50.4348,
        "expectancy": 0.0045,
        "avg_win": 0.7457,
        "avg_loss": 0.7498,
        "expectancy_rolling_100": 0.0501,
        "max_dd": 9.6193,
        "profit_factor": 1.012,
        "sharpe": 0.0827,
        "returns": [
          0.00242,
          -0.005387,
          -0.011637,
          -0.000469,
          0.004768,
          -0.001607,
          0.011903,
          -0.009064,
          0.012652,
          0.001457,
          0.003805,
          0.011239,
          0.009755,
          0.004853,
          0.011706,
          0.007485,
          -0.010279,
          0.001137,
          -0.007743,
          0.001652,
          -0.013615,
          -0.006977,
          -0.010035,
          0.008389,
          -0.01287,
          0.011182,
          -0.002382,
          0.014173,
          0.001361,
          -0.002754,
          0.006106,
          0.006521,
          -0.000935,
          -0.007909,
          0.010381,
          0.00661,
          -0.001257,
          -0.00992,
          -0.010695,
          -0.006515,
          0.009673,
          -0.011929,
          -0.002959,
          -0.011552,
          0.005933,
          0.009718,
          -0.005078,
          -0.005601,
          -0.003981,
          0.003523,
          -0.011818,
          -0.003316,
          0.012058,
          -0.004066,
          0.005899,
          -0.003718,
          0.007658,
          -0.004893,
          -0.011541,
          0.001829,
          -0.001808,
          0.010044,
          -0.009107,
          0.003145,
          0.006112,
          -0.002898,
          0.012254,
          0.010265,
          -0.004647,
          -1.5e-05,
          0.004939,
          -0.012826,
          -0.002759,
          0.003147,
          -0.008083,
          -0.001924,
          -0.008104,
          -0.009594,
          0.011778,
          -0.006474,
          -0.006733,
          -0.013082,
          -0.012084,
          0.011334,
          0.008588,
          -0.002469,
          0.013423,
          -0.013834,
          -0.003955,
          0.00877,
          -0.012239,
          0.010864,
          -0.005306,
          -0.004204,
          0.001749,
          -0.001078,
          0.005629,
          -0.010639,
          0.014015,
          -0.007601,
          0.005489,
          0.008857,
          -0.007967,
          0.006423,
          0.002899,
          -0.00747,
          0.006055,
          0.007908,
          0.013407,
          0.013043,
          -0.007739,
          0.008895,
          0.013985,
          0.004897,
          -0.000131,
          -0.004394,
          -0.014608,
          -0.013666,
          0.003175,
          0.011183,
          -0.00885,
          0.004989,
          0.010791,
          -0.014288,
          0.002762,
          0.00128,
          0.003373,
          0.005406,
          0.009144,
          0.011962,
          -0.00576,
          -0.005275,
          -0.012183,
          -0.012344,
          0.007842,
          -0.006596,
          0.013022,
          -0.011815,
          0.008412,
          0.003562,
          0.010469,
          0.000532,
          0.009822,
          -0.005976,
          0.004776,
          0.011353,
          -0.001434,
          -0.001253,
          0.00028,
          0.00901,
          0.007632,
          -0.010075,
          -0.013908,
          -0.004951,
          -0.010193,
          0.009755,
          0.008925,
          -0.001785,
          -0.007769,
          0.014485,
          -0.006041,
          0.002219,
          -0.00762,
          0.000427,
          -0.003502,
          0.001986,
          0.002854,
          0.014008,
          -0.002206,
          -0.00734,
          -0.011702,
          0.009627,
          0.004885,
          -7.5e-05,
          -0.007102,
          -0.013671,
          -0.014907,
          0.00876,
          0.009758,
          -0.014465,
          0.007763,
          0.010747,
          -0.007898,
          -0.009763,
          0.004021,
          -0.007105,
          0.010453,
          -0.013148,
          -0.009167,
          -0.013327,
          0.008895,
          0.001339,
          0.013349,
          -0.006553,
          -0.01362,
          -0.011618,
          0.012684,
          -0.002281,
          0.011119,
          0.012955
        ]
      },
      "score": 382.456,
      "stage": "PAPER_SHADOW",
      "correlation_penalty": 0.0,
      "disabled_by_correlation": false
    }
  ],
  "adaptation": {
    "action": "DECREASE_RISK",
    "new_trade_risk_pct": 1.8,
    "win_rate_pct": 0.0,
    "expectancy_realized_abs": -1.0226,
    "expectancy_mtm_abs": 4.5798,
    "sample_size": 11,
    "shadow_sample": true,
    "reason": "Drawdown/realized expectancy deterioration detected."
  },
  "institutional_exports": {
    "analytics_json": "reporting\\output\\institutional_analytics_20260303_071402.json",
    "equity_curve_csv": "reporting\\output\\equity_curve_20260303_071402.csv",
    "report_pdf": "reporting\\output\\institutional_report_20260303_071402.pdf"
  }
}