{
  "timestamp": "20260303_191659",
  "mode": "PAPER",
  "equity": 100345.41,
  "peak_equity": 100359.57,
  "drawdown_pct": 0.01,
  "cash_balance": 91271.9,
  "realized_pnl": 22.5,
  "unrealized_pnl": 334.83,
  "fees_paid": 11.92,
  "turnover": 47687.39,
  "trades_count": 7,
  "realized_stats": {
    "win_rate_pct": 100.0,
    "expectancy_abs": 22.5,
    "expectancy_bps": -0.22,
    "profit_factor": 22.5,
    "sharpe": 0.0,
    "rolling_window": 1,
    "basis": "REALIZED_CLOSED",
    "warnings": []
  },
  "target_compliance": {
    "win_rate_45_60": null,
    "profit_factor_gt_1_5": null,
    "sharpe_gt_1_8": null,
    "max_dd_lt_15": true,
    "expectancy_positive": null
  },
  "broker_truth": {
    "account_source": "PAPER_LEDGER",
    "last_reconciled_at": "2026-03-03T19:16:57",
    "positions_count": 3,
    "orders_count": 7,
    "trades_count": 7
  },
  "intelligence": {
    "volatility": 0.1508,
    "trend": -1,
    "regime": "LOW_VOLATILITY",
    "regime_advanced": "LOW_VOLATILITY",
    "bias": "NEUTRAL"
  },
  "strategy_reports": [
    {
      "id": "core_momentum_v1",
      "name": "core_momentum_v1",
      "metrics": {
        "win_rate": 51.3043,
        "expectancy": 0.0484,
        "avg_win": 0.8023,
        "avg_loss": 0.7459,
        "expectancy_rolling_100": 0.047,
        "max_dd": 5.4445,
        "profit_factor": 1.1334,
        "sharpe": 0.8718,
        "returns": [
          0.009102,
          -0.000186,
          0.001055,
          -0.001159,
          -0.007809,
          -0.003419,
          0.012817,
          -0.007382,
          -0.004373,
          0.003892,
          0.012458,
          0.011203,
          0.011606,
          -0.003136,
          0.009518,
          0.00601,
          -0.005635,
          -0.008816,
          0.000778,
          -0.006404,
          -0.004084,
          0.005642,
          -0.013193,
          -0.000672,
          0.005777,
          -0.003345,
          -0.012087,
          0.014583,
          -0.002914,
          0.003704,
          -0.004781,
          0.006825,
          0.003888,
          0.00505,
          -0.008118,
          0.009697,
          -0.001928,
          0.014313,
          -0.010672,
          -0.004061,
          0.010354,
          -0.014042,
          -0.005306,
          -0.008483,
          -0.005575,
          0.008387,
          0.013083,
          0.007783,
          -0.004805,
          0.007315,
          0.01262,
          0.008788,
          0.009571,
          -0.01323,
          0.006422,
          0.011114,
          0.006915,
          -0.009315,
          -0.009271,
          -0.007774,
          -0.011507,
          0.00399,
          -1.2e-05,
          -0.0005,
          0.014945,
          0.012376,
          0.008927,
          -0.01039,
          -0.010648,
          0.003326,
          -0.007937,
          0.010636,
          0.005857,
          -0.001652,
          -0.014535,
          -0.014155,
          -0.003176,
          0.012973,
          0.00307,
          -0.010669,
          -0.001803,
          0.012093,
          0.007948,
          0.013653,
          -0.011956,
          0.006036,
          -0.000371,
          -0.003947,
          0.000598,
          -0.008641,
          -0.014405,
          0.014281,
          -0.013959,
          0.010596,
          0.011633,
          -0.009505,
          0.005897,
          -0.002945,
          0.003469,
          0.000454,
          -0.013035,
          0.005011,
          0.00809,
          -0.002066,
          -0.010966,
          -0.000347,
          0.005176,
          -0.008993,
          -0.003837,
          -0.007849,
          0.002482,
          0.014533,
          -0.013796,
          0.004618,
          0.006748,
          -0.000992,
          0.004581,
          0.01202,
          0.005516,
          -0.004654,
          0.003502,
          0.0122,
          0.004062,
          -0.009452,
          -0.001551,
          0.007812,
          0.012724,
          0.007519,
          -0.014605,
          0.0026,
          -0.01401,
          0.01267,
          0.005671,
          0.012091,
          -0.002856,
          -0.004408,
          0.012027,
          -0.007767,
          0.007109,
          -0.004688,
          -0.003722,
          -0.007308,
          0.007714,
          -0.009754,
          -0.00285,
          0.001315,
          -0.010533,
          0.003039,
          -0.01373,
          -0.013207,
          0.014514,
          0.007213,
          -0.010573,
          -0.004553,
          0.009088,
          0.004921,
          -0.013135,
          0.01378,
          0.013476,
          0.01481,
          0.008436,
          0.014552,
          -0.006609,
          0.009506,
          0.006506,
          -0.005162,
          0.00479,
          -0.011339,
          0.001531,
          -0.010531,
          -0.012185,
          -0.003339,
          0.010437,
          -0.011056,
          0.010353,
          0.005566,
          -0.003933,
          -0.004398,
          0.009999,
          0.005096,
          -0.01344,
          -0.002188,
          0.007032,
          -0.002523,
          -0.004095,
          0.00238,
          -0.008913,
          -0.003712,
          -0.012151,
          0.001018,
          0.000765,
          -0.00131,
          -0.00392,
          0.010678,
          -0.005914,
          0.001744,
          0.014654,
          -0.005522,
          0.000671,
          0.010172
        ]
      },
      "score": 476.8065,
      "stage": "PAPER",
      "correlation_penalty": 0.0,
      "disabled_by_correlation": false,
      "active": true,
      "allocation_pct": 100.0
    }
  ],
  "adaptation": {
    "action": "HOLD",
    "new_trade_risk_pct": 2.0,
    "win_rate_pct": 100.0,
    "expectancy_realized_abs": 22.5,
    "expectancy_mtm_abs": 8.1612,
    "sample_size": 7,
    "realized_sample_size": 1,
    "shadow_sample": false,
    "reason": "Insufficient sample for risk increase (7/20)."
  },
  "institutional_exports": {
    "analytics_json": "reporting\\output\\institutional_analytics_20260303_191659.json",
    "equity_curve_csv": "reporting\\output\\equity_curve_20260303_191659.csv",
    "report_pdf": "reporting\\output\\institutional_report_20260303_191659.pdf"
  }
}