{
  "timestamp": "20260304_063920",
  "mode": "PAPER",
  "equity": 99954.39,
  "peak_equity": 100030.06,
  "drawdown_pct": 0.08,
  "cash_balance": 99689.29,
  "realized_pnl": -0.68,
  "unrealized_pnl": -43.49,
  "fees_paid": 1.44,
  "turnover": 5755.66,
  "trades_count": 8,
  "realized_stats": {
    "win_rate_pct": 50.0,
    "expectancy_abs": -0.34,
    "expectancy_bps": -0.75,
    "profit_factor": 0.8,
    "sharpe": -1.74,
    "rolling_window": 2,
    "basis": "REALIZED_CLOSED",
    "warnings": []
  },
  "target_compliance": {
    "win_rate_45_60": null,
    "profit_factor_gt_1_5": null,
    "sharpe_gt_1_8": null,
    "max_dd_lt_15": true,
    "expectancy_positive": null
  },
  "broker_truth": {
    "account_source": "FYERS_LIVE",
    "last_reconciled_at": "2026-03-04T06:39:11",
    "positions_count": 3,
    "orders_count": 8,
    "trades_count": 8
  },
  "intelligence": {
    "volatility": 0.2034,
    "trend": 1,
    "regime": "LOW_VOLATILITY",
    "regime_advanced": "LOW_VOLATILITY",
    "bias": "NEUTRAL"
  },
  "strategy_reports": [
    {
      "id": "core_momentum_v1",
      "name": "core_momentum_v1",
      "metrics": {
        "win_rate": 50.4348,
        "expectancy": 0.0201,
        "avg_win": 0.7398,
        "avg_loss": 0.7122,
        "expectancy_rolling_100": 0.058,
        "max_dd": 13.7412,
        "profit_factor": 1.057,
        "sharpe": 0.3795,
        "returns": [
          0.010327,
          -3e-05,
          0.002985,
          -0.008401,
          -0.006508,
          -0.000259,
          0.001084,
          -0.006268,
          0.014809,
          -0.010533,
          0.00105,
          -0.0037,
          -0.006505,
          -0.008276,
          -0.002301,
          0.000299,
          -0.006007,
          0.006296,
          -0.003319,
          -0.007744,
          -0.007288,
          -0.000142,
          0.000568,
          -0.004129,
          0.000434,
          -0.010027,
          0.008014,
          0.009627,
          0.004455,
          0.000624,
          -0.004926,
          0.007018,
          0.009298,
          -0.001422,
          -0.003532,
          0.008031,
          -0.014654,
          -0.011093,
          -0.002678,
          -0.010588,
          -0.011501,
          -0.008302,
          0.013108,
          0.00577,
          -5.4e-05,
          -0.013021,
          -0.008738,
          -0.001362,
          -0.00984,
          -0.007523,
          -0.004915,
          0.006946,
          0.007313,
          0.013318,
          -0.009699,
          0.00657,
          0.013775,
          0.006627,
          0.000265,
          0.014422,
          -0.000889,
          -0.006219,
          0.008659,
          0.011034,
          -0.002935,
          -0.007325,
          -0.007198,
          0.004924,
          -0.01417,
          0.000829,
          -0.001239,
          -0.013425,
          -0.006519,
          0.000138,
          0.00451,
          0.006591,
          0.004048,
          0.008037,
          -0.012343,
          -0.006293,
          0.01089,
          0.001899,
          -0.006466,
          -0.011403,
          0.001438,
          0.008224,
          0.004706,
          -0.007481,
          -0.004242,
          -0.001741,
          -0.003532,
          0.012336,
          0.00859,
          -0.007644,
          0.007938,
          -0.001628,
          0.011756,
          -0.007446,
          0.010916,
          0.004493,
          0.011386,
          0.007775,
          -0.011512,
          0.0071,
          -0.008986,
          -0.004423,
          -0.007498,
          0.010055,
          -0.009993,
          -0.010394,
          -0.002312,
          -0.002443,
          0.01498,
          0.011564,
          -0.012094,
          0.007288,
          0.002716,
          0.009324,
          0.009153,
          -0.011365,
          0.000621,
          0.010198,
          -0.013689,
          0.001762,
          -0.003773,
          0.0082,
          -0.002329,
          0.008009,
          -0.014184,
          0.009974,
          0.011594,
          0.01073,
          -0.003939,
          -0.013477,
          0.003022,
          0.00266,
          -0.012069,
          -0.013591,
          -0.012333,
          0.00505,
          0.012973,
          -0.005415,
          -0.000672,
          0.014473,
          -0.009673,
          -0.005129,
          -0.000678,
          0.008215,
          -0.008591,
          -0.013278,
          0.001169,
          0.005129,
          0.011344,
          0.000317,
          -0.001742,
          -0.009357,
          -0.001246,
          -0.006224,
          -0.011151,
          0.013982,
          -0.00637,
          0.006467,
          0.002196,
          0.00992,
          0.010223,
          0.001256,
          0.001751,
          0.012482,
          0.000752,
          0.008575,
          -0.00066,
          -0.010034,
          0.008825,
          0.0114,
          -0.007965,
          -0.013133,
          0.002661,
          -0.0071,
          0.006258,
          0.012595,
          0.004745,
          0.013821,
          -0.009241,
          0.004953,
          -0.001586,
          -0.013832,
          0.012177,
          -0.013971,
          0.014469,
          0.003518,
          -0.005586,
          -0.002187,
          0.007642,
          -0.010364,
          -0.014377,
          -0.002354,
          0.005113,
          0.009039,
          0.013432,
          0.005297
        ],
        "sample_size": 200
      },
      "score": 5.8672,
      "stage": "PAPER_SHADOW",
      "correlation_penalty": 0.0,
      "disabled_by_correlation": false,
      "active": true,
      "allocation_pct": 100.0,
      "correlation_cluster": "",
      "asset_class": "stocks",
      "timeframe": "5m",
      "category": "systematic",
      "regime_preference": [
        "TRENDING",
        "RANGING",
        "HIGH_VOL",
        "LOW_VOL",
        "CRASH"
      ]
    }
  ],
  "adaptation": {
    "action": "HOLD",
    "new_trade_risk_pct": 0.5,
    "win_rate_pct": 50.0,
    "expectancy_realized_abs": -0.3416,
    "expectancy_mtm_abs": -3.6014,
    "sample_size": 8,
    "realized_sample_size": 2,
    "shadow_sample": true,
    "reason": "Insufficient sample for risk increase (8/20)."
  },
  "institutional_exports": {
    "analytics_json": "reporting\\output\\institutional_analytics_20260304_063920.json",
    "equity_curve_csv": "reporting\\output\\equity_curve_20260304_063920.csv",
    "report_pdf": "reporting\\output\\institutional_report_20260304_063920.pdf"
  }
}