{
  "timestamp": "20260303_064956",
  "mode": "PAPER",
  "equity": 99977.09,
  "peak_equity": 100006.82,
  "drawdown_pct": 0.03,
  "cash_balance": 100405.94,
  "realized_pnl": -12.88,
  "unrealized_pnl": -7.97,
  "fees_paid": 2.06,
  "turnover": 8235.42,
  "trades_count": 8,
  "realized_stats": {
    "win_rate_pct": 50.0,
    "expectancy_abs": 0.39,
    "expectancy_bps": 0.04,
    "profit_factor": 1.17,
    "sharpe": 0.93,
    "rolling_window": 8,
    "warnings": []
  },
  "target_compliance": {
    "win_rate_45_60": null,
    "profit_factor_gt_1_5": null,
    "sharpe_gt_1_8": null,
    "max_dd_lt_15": true,
    "expectancy_positive": null
  },
  "broker_truth": {
    "account_source": "PAPER_LEDGER",
    "last_reconciled_at": "2026-03-03T06:49:52",
    "positions_count": 2,
    "orders_count": 8,
    "trades_count": 8
  },
  "intelligence": {
    "volatility": 0.1593,
    "trend": 1,
    "regime": "LOW_VOLATILITY",
    "bias": "NEUTRAL"
  },
  "strategy_reports": [
    {
      "id": "core_momentum_v1",
      "name": "core_momentum_v1",
      "metrics": {
        "win_rate": 47.3913,
        "expectancy": 0.0163,
        "avg_win": 0.8088,
        "avg_loss": 0.6977,
        "expectancy_rolling_100": 0.0078,
        "max_dd": 7.9602,
        "profit_factor": 1.0443,
        "sharpe": 0.2993,
        "returns": [
          0.009161,
          0.006062,
          -0.000774,
          0.010018,
          -0.009763,
          0.008414,
          -0.012766,
          -0.000988,
          -0.007498,
          0.000181,
          -0.004286,
          -0.006978,
          -0.012447,
          0.007911,
          0.004117,
          0.005621,
          -0.000698,
          -0.000313,
          0.010245,
          -0.002892,
          0.011668,
          0.013262,
          0.013682,
          0.011638,
          -0.004653,
          -0.003708,
          -0.004115,
          -0.011318,
          0.011405,
          -0.009294,
          -0.013723,
          -0.010561,
          0.005788,
          0.011643,
          -0.000169,
          0.011521,
          -0.011021,
          -0.014876,
          0.012936,
          0.007851,
          -0.004556,
          0.011773,
          -0.001953,
          -0.011404,
          0.005251,
          -0.00654,
          -0.001677,
          0.010238,
          -0.001522,
          0.011217,
          -0.012342,
          0.004378,
          -0.008048,
          0.001962,
          0.000508,
          -0.002683,
          -0.009615,
          -0.005045,
          -0.002436,
          0.006421,
          -0.01043,
          -0.010202,
          0.009967,
          -0.009957,
          0.007917,
          0.007007,
          -0.000527,
          0.00443,
          -0.010061,
          -0.000307,
          -0.004119,
          0.006039,
          0.004425,
          -0.011197,
          0.012269,
          0.012429,
          0.008433,
          0.01413,
          -0.013155,
          0.008557,
          -0.005394,
          -0.00748,
          -0.005045,
          0.005144,
          -0.005486,
          0.004635,
          0.008977,
          -0.00399,
          -0.012773,
          0.001308,
          -0.008151,
          0.005928,
          0.008332,
          -0.00109,
          0.008965,
          -0.00387,
          -0.009536,
          -0.012948,
          0.012402,
          0.003085,
          0.013491,
          0.009118,
          0.002531,
          0.000268,
          0.006081,
          -0.011002,
          0.01305,
          0.010801,
          -0.012372,
          0.014108,
          -0.003536,
          0.007377,
          -0.007521,
          -0.0114,
          0.004627,
          0.005508,
          -0.001821,
          -0.006399,
          -0.010858,
          0.009601,
          0.002899,
          -0.011911,
          -0.006718,
          -0.001206,
          -0.013505,
          -0.00125,
          0.008686,
          0.003695,
          -0.007966,
          0.011036,
          0.007765,
          -0.003685,
          -0.006153,
          4.9e-05,
          -0.001243,
          -0.003817,
          -0.012661,
          -0.001317,
          0.003713,
          -0.007505,
          -0.012554,
          -0.010151,
          0.01303,
          0.004034,
          -0.003753,
          -0.005482,
          -0.007348,
          0.013987,
          0.001811,
          0.011173,
          0.013113,
          -0.003325,
          0.008452,
          0.008224,
          -0.000394,
          -0.004741,
          -0.012009,
          0.010429,
          -0.011282,
          -0.005645,
          -0.005004,
          -0.002103,
          0.006614,
          -0.011397,
          -0.014431,
          0.013864,
          -0.001099,
          -0.009487,
          0.006282,
          -0.012021,
          0.013792,
          0.010807,
          -0.009332,
          0.00908,
          -0.013072,
          0.013019,
          -0.00354,
          0.009544,
          0.014807,
          0.010738,
          -0.005388,
          -0.004076,
          0.006539,
          -0.012686,
          -0.009926,
          0.013623,
          -0.011683,
          -0.000266,
          0.006782,
          -0.008756,
          -0.008626,
          0.010166,
          0.01451,
          -0.010409,
          0.00853,
          0.007127,
          -0.000279,
          -0.011601,
          -0.004618,
          0.003605
        ]
      },
      "score": 383.2045,
      "stage": "PAPER_SHADOW",
      "correlation_penalty": 0.0,
      "disabled_by_correlation": false
    }
  ],
  "adaptation": {
    "action": "HOLD",
    "new_trade_risk_pct": 2.0,
    "win_rate_pct": 50.0,
    "expectancy_abs": 0.3895,
    "sample_size": 8,
    "shadow_sample": true,
    "reason": "Insufficient sample for risk increase (8/20)."
  },
  "institutional_exports": {
    "analytics_json": "reporting\\output\\institutional_analytics_20260303_064956.json",
    "equity_curve_csv": "reporting\\output\\equity_curve_20260303_064956.csv",
    "report_pdf": "reporting\\output\\institutional_report_20260303_064956.pdf"
  }
}