{
  "timestamp": "20260303_210451",
  "mode": "PAPER",
  "equity": 100000.0,
  "peak_equity": 100000.0,
  "drawdown_pct": 0.0,
  "cash_balance": 100000.0,
  "realized_pnl": 0.0,
  "unrealized_pnl": 0.0,
  "fees_paid": 0.0,
  "turnover": 0.0,
  "trades_count": 0,
  "realized_stats": {
    "win_rate_pct": 0.0,
    "expectancy_abs": 0.0,
    "expectancy_bps": 0.0,
    "profit_factor": 0.0,
    "sharpe": 0.0,
    "rolling_window": 0,
    "warnings": []
  },
  "target_compliance": {
    "win_rate_45_60": null,
    "profit_factor_gt_1_5": null,
    "sharpe_gt_1_8": null,
    "max_dd_lt_15": true,
    "expectancy_positive": null
  },
  "broker_truth": {
    "account_source": "FYERS_LIVE",
    "last_reconciled_at": "2026-03-03T21:04:49",
    "positions_count": 0,
    "orders_count": 0,
    "trades_count": 0
  },
  "intelligence": {
    "volatility": 0.1914,
    "trend": -1,
    "regime": "LOW_VOLATILITY",
    "regime_advanced": "RANGE_BOUND",
    "bias": "NEUTRAL"
  },
  "strategy_reports": [
    {
      "id": "core_momentum_v1",
      "name": "core_momentum_v1",
      "metrics": {
        "win_rate": 51.3043,
        "expectancy": 0.0598,
        "avg_win": 0.7667,
        "avg_loss": 0.685,
        "expectancy_rolling_100": 0.1015,
        "max_dd": 11.7929,
        "profit_factor": 1.1791,
        "sharpe": 1.125,
        "returns": [
          -0.011552,
          0.014204,
          0.000549,
          0.009613,
          0.004735,
          0.000849,
          -0.013944,
          -0.006437,
          -0.011577,
          -0.003588,
          0.001184,
          0.009615,
          0.010968,
          -0.005208,
          -0.000367,
          -0.006964,
          -0.014264,
          0.009101,
          0.009081,
          -0.001603,
          -0.011498,
          0.011639,
          -0.013313,
          -0.000419,
          -0.00175,
          -0.014624,
          0.008787,
          -0.014137,
          -0.006956,
          -0.011943,
          -0.012231,
          -0.001552,
          -0.006257,
          1.5e-05,
          -0.001698,
          0.006979,
          0.009699,
          0.006771,
          -0.003533,
          0.006555,
          -0.005879,
          -0.003066,
          0.009156,
          0.002104,
          -0.010612,
          -0.000406,
          -0.00491,
          0.01347,
          0.00337,
          0.005219,
          0.004452,
          -0.001474,
          0.003704,
          0.001266,
          -0.002483,
          -0.014644,
          0.009918,
          -0.009101,
          -0.010879,
          0.006269,
          -0.001812,
          0.001985,
          0.002223,
          0.014473,
          0.013233,
          -0.00994,
          0.010129,
          0.000923,
          -0.001199,
          0.013255,
          -0.007652,
          -0.01165,
          0.00909,
          0.000276,
          0.003682,
          -0.003668,
          0.012614,
          0.014314,
          -0.003265,
          -0.006631,
          -0.000625,
          0.002742,
          0.001738,
          -0.006196,
          0.00684,
          0.009963,
          0.001078,
          -0.010435,
          0.012089,
          -0.008728,
          -0.009917,
          -0.006298,
          0.011266,
          0.010981,
          0.009402,
          -0.008006,
          0.011301,
          -0.004455,
          0.008635,
          0.008724,
          -0.002059,
          -0.011391,
          0.01254,
          0.004212,
          0.014466,
          -0.002273,
          0.014021,
          0.011248,
          0.004364,
          0.009755,
          0.014107,
          -0.011985,
          -0.010979,
          0.00954,
          -0.002936,
          0.006788,
          0.005669,
          0.000693,
          -0.001782,
          0.009172,
          0.001811,
          -0.012106,
          -0.000861,
          0.013397,
          0.006845,
          -0.002728,
          -0.014062,
          -0.002771,
          0.001423,
          0.008134,
          -0.007989,
          0.003809,
          -0.009612,
          0.006441,
          -0.011959,
          0.011178,
          0.002685,
          -0.009319,
          0.012347,
          0.011416,
          -0.006061,
          -0.003682,
          0.006329,
          0.006189,
          -0.001601,
          -0.002089,
          0.012157,
          -0.014595,
          -0.006238,
          0.009988,
          -0.007638,
          0.010627,
          0.009504,
          0.007705,
          0.01279,
          -0.01396,
          0.014733,
          0.00054,
          0.00585,
          0.014176,
          -0.01442,
          -0.000284,
          0.008478,
          -0.009153,
          -0.009493,
          0.004363,
          -0.002126,
          -0.004218,
          0.004676,
          0.012519,
          -0.009831,
          -0.000745,
          -0.008656,
          -0.003916,
          -0.006884,
          -0.009344,
          0.006013,
          -0.004519,
          -0.009148,
          -0.004354,
          0.003024,
          0.00713,
          0.007945,
          -0.002855,
          -0.009727,
          0.007164,
          -0.006285,
          0.007028,
          0.004403,
          -0.007878,
          -0.00559,
          0.009197,
          0.009642,
          0.011828,
          0.010648,
          0.001066,
          -0.008334,
          -0.012287,
          -0.010853,
          0.0113
        ],
        "sample_size": 200
      },
      "score": 6.5147,
      "stage": "PAPER",
      "correlation_penalty": 0.0,
      "disabled_by_correlation": false,
      "active": true,
      "allocation_pct": 100.0,
      "correlation_cluster": "",
      "asset_class": "stocks",
      "timeframe": "5m",
      "category": "systematic",
      "regime_preference": [
        "TRENDING",
        "RANGING",
        "HIGH_VOL",
        "LOW_VOL",
        "CRASH"
      ]
    }
  ],
  "adaptation": {
    "action": "HOLD",
    "new_trade_risk_pct": 2.0,
    "reason": "No trades in session."
  },
  "institutional_exports": {
    "analytics_json": "reporting\\output\\institutional_analytics_20260303_210451.json",
    "equity_curve_csv": "reporting\\output\\equity_curve_20260303_210451.csv",
    "report_pdf": "reporting\\output\\institutional_report_20260303_210451.pdf"
  }
}