{
  "timestamp": "20260302_230332",
  "equity": 99881.39,
  "peak_equity": 100065.87,
  "drawdown_pct": 0.18,
  "cash_balance": 80130.55,
  "realized_pnl": 0.0,
  "unrealized_pnl": -113.65,
  "fees_paid": 4.97,
  "turnover": 19864.49,
  "trades_count": 4,
  "realized_stats": {
    "win_rate_pct": 50.0,
    "expectancy_abs": 14.92,
    "expectancy_bps": 1.49,
    "profit_factor": 6.82,
    "sharpe": 11.33,
    "rolling_window": 4,
    "warnings": []
  },
  "target_compliance": {
    "win_rate_45_60": true,
    "profit_factor_gt_1_5": true,
    "sharpe_gt_1_8": true,
    "max_dd_lt_15": true,
    "expectancy_positive": true
  },
  "intelligence": {
    "volatility": 0.1628,
    "trend": 0,
    "regime": "LOW_VOLATILITY",
    "bias": "NEUTRAL"
  },
  "strategy_reports": [
    {
      "id": "core_momentum_v1",
      "name": "core_momentum_v1",
      "metrics": {
        "win_rate": 52.6087,
        "expectancy": 0.0244,
        "avg_win": 0.7588,
        "avg_loss": 0.7909,
        "expectancy_rolling_100": -0.0142,
        "max_dd": 8.9377,
        "profit_factor": 1.0651,
        "sharpe": 0.4367,
        "returns": [
          -0.013976,
          -0.011626,
          0.000136,
          0.013668,
          0.009474,
          -0.005431,
          -5.8e-05,
          0.009113,
          0.008342,
          -0.009932,
          0.004918,
          0.00957,
          0.014609,
          0.005999,
          -0.012331,
          0.011219,
          0.009493,
          -0.005595,
          -0.005773,
          -0.012134,
          -0.01489,
          -0.011496,
          -0.003723,
          0.007371,
          0.000503,
          -0.003641,
          0.009618,
          0.001897,
          -0.013887,
          0.009357,
          0.009363,
          0.003867,
          -0.008231,
          0.012896,
          0.007208,
          0.010562,
          -0.013792,
          -0.005072,
          -0.005399,
          -0.014687,
          -0.014192,
          -0.000761,
          -0.01082,
          0.009002,
          -0.004689,
          -0.012878,
          0.004299,
          -0.013005,
          0.012984,
          0.00871,
          0.001969,
          0.009881,
          -0.003068,
          0.001946,
          -0.013526,
          0.013963,
          -0.011824,
          -0.005966,
          0.004584,
          0.00112,
          0.014073,
          0.013171,
          -0.009391,
          0.002841,
          0.011111,
          -0.01008,
          0.014182,
          0.013585,
          0.007194,
          -0.006035,
          -0.010108,
          -0.003035,
          0.01347,
          0.006324,
          -0.008049,
          0.014961,
          -0.007719,
          -0.011774,
          0.004755,
          -0.002203,
          0.001609,
          -0.003875,
          0.000242,
          0.00783,
          0.010546,
          0.012126,
          0.011206,
          -0.00592,
          0.007838,
          0.005533,
          -0.00518,
          0.008041,
          0.003847,
          0.007939,
          0.010985,
          0.012858,
          -0.012926,
          0.00497,
          0.012463,
          -0.009452,
          -0.000781,
          -0.007326,
          -0.003865,
          -0.010788,
          0.008993,
          0.00629,
          -0.001718,
          -0.00057,
          0.005813,
          -0.005762,
          -0.008507,
          0.010213,
          0.000604,
          0.002236,
          0.014401,
          -0.002512,
          0.005598,
          0.002099,
          0.000856,
          -0.011929,
          -0.010578,
          0.009054,
          0.002866,
          0.013231,
          -0.014824,
          -0.004851,
          -0.005994,
          -0.007328,
          0.009364,
          0.010928,
          -0.002583,
          0.003028,
          -0.013808,
          -0.001147,
          -0.007435,
          0.000338,
          0.010923,
          -0.008233,
          -0.014553,
          0.00413,
          0.005127,
          -0.006725,
          0.002358,
          0.012457,
          0.007252,
          0.008423,
          0.011745,
          -0.003007,
          0.013462,
          -0.010341,
          0.001443,
          0.013761,
          0.003969,
          -0.007995,
          0.00312,
          -0.010034,
          0.006913,
          -0.003509,
          -0.001098,
          -0.00909,
          -0.009338,
          -0.000686,
          0.004747,
          -0.004959,
          0.012707,
          0.001773,
          0.000742,
          0.012616,
          -0.007418,
          0.000105,
          -0.009209,
          0.011289,
          -0.014519,
          -0.011793,
          0.00557,
          0.004641,
          0.006576,
          -0.009629,
          0.012334,
          0.001087,
          -0.014188,
          -0.002255,
          -0.007142,
          0.001491,
          0.00628,
          0.012335,
          0.003524,
          -0.00554,
          0.008742,
          -0.002103,
          0.013663,
          -0.006747,
          -0.01394,
          -0.010134,
          -0.009956,
          0.004505,
          -0.008999,
          0.010812,
          -0.007238,
          -0.008097
        ]
      },
      "score": 424.729,
      "stage": "REJECTED",
      "correlation_penalty": 0.0,
      "disabled_by_correlation": false
    }
  ],
  "adaptation": {
    "action": "HOLD",
    "new_trade_risk_pct": 2.0,
    "win_rate_pct": 50.0,
    "expectancy_abs": 14.9204,
    "reason": "Performance within control band."
  },
  "institutional_exports": {
    "analytics_json": "reporting\\output\\institutional_analytics_20260302_230332.json",
    "equity_curve_csv": "reporting\\output\\equity_curve_20260302_230332.csv",
    "report_pdf": "reporting\\output\\institutional_report_20260302_230332.pdf"
  }
}