{
  "timestamp": "20260303_042807",
  "mode": "PAPER",
  "equity": 100029.84,
  "peak_equity": 100068.97,
  "drawdown_pct": 0.04,
  "cash_balance": 95426.49,
  "realized_pnl": 0.0,
  "unrealized_pnl": 38.2,
  "fees_paid": 8.35,
  "turnover": 33418.38,
  "trades_count": 27,
  "realized_stats": {
    "win_rate_pct": 51.85,
    "expectancy_abs": 1.11,
    "expectancy_bps": 0.11,
    "profit_factor": 1.13,
    "sharpe": 0.72,
    "rolling_window": 27,
    "warnings": []
  },
  "target_compliance": {
    "win_rate_45_60": true,
    "profit_factor_gt_1_5": false,
    "sharpe_gt_1_8": false,
    "max_dd_lt_15": true,
    "expectancy_positive": true
  },
  "broker_truth": {
    "account_source": "PAPER_LEDGER",
    "last_reconciled_at": "2026-03-03T04:28:03",
    "positions_count": 3,
    "orders_count": 27,
    "trades_count": 27
  },
  "intelligence": {
    "volatility": 0.183,
    "trend": 1,
    "regime": "LOW_VOLATILITY",
    "bias": "NEUTRAL"
  },
  "strategy_reports": [
    {
      "id": "core_momentum_v1",
      "name": "core_momentum_v1",
      "metrics": {
        "win_rate": 48.2609,
        "expectancy": 0.0277,
        "avg_win": 0.7957,
        "avg_loss": 0.6887,
        "expectancy_rolling_100": -0.0212,
        "max_dd": 10.9564,
        "profit_factor": 1.0777,
        "sharpe": 0.5044,
        "returns": [
          0.010022,
          -0.012409,
          0.012792,
          0.005834,
          -0.003465,
          0.013561,
          0.004545,
          -0.012111,
          0.004404,
          0.006507,
          -0.008086,
          -0.002877,
          0.000991,
          -0.002782,
          -0.006403,
          0.000843,
          -0.007285,
          -0.014907,
          0.008358,
          0.011792,
          -0.008322,
          0.01407,
          0.00908,
          -0.002484,
          0.012067,
          -0.004364,
          0.009507,
          0.011108,
          0.009532,
          0.009052,
          -0.008778,
          0.001679,
          -0.013175,
          0.009399,
          0.012007,
          -0.003059,
          -0.000523,
          -0.001702,
          0.001336,
          0.002332,
          0.013929,
          0.014156,
          -0.000289,
          0.013131,
          -0.008997,
          -0.010216,
          -0.00477,
          -0.006559,
          0.013868,
          0.010789,
          0.002896,
          -0.006059,
          -0.013612,
          -0.007252,
          0.013562,
          -0.007807,
          -0.007943,
          0.014676,
          0.010216,
          -0.003802,
          0.002734,
          0.005775,
          -0.007813,
          0.001307,
          -0.013228,
          0.00834,
          -0.012128,
          0.006906,
          -0.013589,
          0.012167,
          -0.014471,
          -0.010773,
          -0.014088,
          -0.000641,
          -0.014441,
          0.006243,
          0.006601,
          -0.001118,
          -0.007477,
          0.005711,
          0.01095,
          -0.01457,
          0.008772,
          -0.00848,
          -0.001217,
          0.013543,
          -0.002318,
          -0.011504,
          -0.005771,
          0.002313,
          0.011719,
          -0.007515,
          -0.006062,
          -0.004306,
          -0.008236,
          0.006937,
          0.011079,
          -0.003502,
          0.002103,
          0.002766,
          -0.001028,
          -0.003779,
          -0.007082,
          -0.000621,
          -0.004424,
          0.001664,
          0.011993,
          0.011357,
          0.011254,
          0.001839,
          -0.000997,
          -0.005754,
          0.014143,
          0.013625,
          0.012472,
          -0.013123,
          -0.005577,
          -0.002255,
          -0.002089,
          -0.010751,
          -3.7e-05,
          0.010267,
          0.009922,
          -0.013627,
          -0.006084,
          -0.014196,
          0.006576,
          -0.005159,
          -0.014935,
          -0.007022,
          0.004136,
          0.008132,
          0.014444,
          -0.014966,
          0.010579,
          -0.014067,
          -0.001814,
          -0.012551,
          0.003984,
          -0.008132,
          -0.000375,
          0.0145,
          0.014641,
          -0.011939,
          -0.001166,
          0.009987,
          0.000998,
          -0.004244,
          0.000915,
          -0.010608,
          -0.013821,
          -0.000677,
          0.007991,
          -0.008606,
          0.00778,
          -0.004437,
          0.000304,
          -0.012477,
          0.008889,
          0.011189,
          -0.00825,
          -0.001842,
          -0.006812,
          0.006637,
          0.009756,
          -0.012112,
          -0.007508,
          -0.000283,
          -0.004271,
          0.001307,
          -0.000792,
          -0.000244,
          0.003549,
          0.009137,
          0.001406,
          0.006553,
          -0.002862,
          0.013941,
          0.008904,
          0.002081,
          0.007934,
          0.011177,
          -0.010273,
          -0.011674,
          -0.013536,
          -0.002668,
          0.000364,
          -0.006877,
          0.006849,
          -0.00211,
          -0.001696,
          -0.014443,
          -0.008488,
          0.014834,
          0.000714,
          0.003878,
          0.002708,
          -0.004217,
          0.005019,
          -0.002195
        ]
      },
      "score": 352.981,
      "stage": "PAPER_SHADOW",
      "correlation_penalty": 0.0,
      "disabled_by_correlation": false
    }
  ],
  "adaptation": {
    "action": "HOLD",
    "new_trade_risk_pct": 2.0,
    "win_rate_pct": 51.8519,
    "expectancy_abs": 1.1054,
    "reason": "Performance within control band."
  },
  "institutional_exports": {
    "analytics_json": "reporting\\output\\institutional_analytics_20260303_042807.json",
    "equity_curve_csv": "reporting\\output\\equity_curve_20260303_042807.csv",
    "report_pdf": "reporting\\output\\institutional_report_20260303_042807.pdf"
  }
}