{
  "timestamp": "20260304_072250",
  "mode": "PAPER",
  "equity": 100000.0,
  "peak_equity": 100000.0,
  "drawdown_pct": 0.0,
  "cash_balance": 100000.0,
  "realized_pnl": 0.0,
  "unrealized_pnl": 0.0,
  "fees_paid": 0.0,
  "turnover": 0.0,
  "trades_count": 0,
  "realized_stats": {
    "win_rate_pct": 0.0,
    "expectancy_abs": 0.0,
    "expectancy_bps": 0.0,
    "profit_factor": 0.0,
    "sharpe": 0.0,
    "rolling_window": 0,
    "warnings": []
  },
  "target_compliance": {
    "win_rate_45_60": null,
    "profit_factor_gt_1_5": null,
    "sharpe_gt_1_8": null,
    "max_dd_lt_15": true,
    "expectancy_positive": null
  },
  "broker_truth": {
    "account_source": "FYERS_LIVE",
    "last_reconciled_at": "2026-03-04T07:22:46",
    "positions_count": 0,
    "orders_count": 0,
    "trades_count": 0
  },
  "intelligence": {
    "volatility": 0.1783,
    "trend": -1,
    "regime": "LOW_VOLATILITY",
    "regime_advanced": "LOW_VOLATILITY",
    "bias": "NEUTRAL"
  },
  "strategy_reports": [
    {
      "id": "core_momentum_v1",
      "name": "core_momentum_v1",
      "metrics": {
        "win_rate": 50.4348,
        "expectancy": -0.0058,
        "avg_win": 0.7109,
        "avg_loss": 0.7352,
        "expectancy_rolling_100": 0.0189,
        "max_dd": 9.3435,
        "profit_factor": 0.9839,
        "sharpe": -0.1101,
        "returns": [
          -0.011109,
          -0.009188,
          0.011721,
          0.006288,
          0.000193,
          0.011853,
          0.014093,
          -0.009282,
          -0.000756,
          0.004299,
          -0.001931,
          -0.001051,
          -0.000853,
          -0.00233,
          0.010185,
          0.005218,
          -0.009831,
          -0.012386,
          -0.010243,
          0.002502,
          -0.00204,
          0.007755,
          -0.006126,
          -0.010772,
          0.007041,
          -0.001513,
          -0.002477,
          -0.007971,
          0.002146,
          -0.010368,
          0.001975,
          0.013574,
          0.013435,
          0.004365,
          0.006428,
          0.00091,
          -0.009429,
          0.007764,
          0.003294,
          -0.014157,
          -0.005622,
          -0.002698,
          -0.004876,
          -0.008271,
          0.001161,
          0.004245,
          0.000351,
          -0.011939,
          -0.007137,
          -0.00957,
          0.003725,
          0.001099,
          0.012699,
          0.012396,
          0.006413,
          -0.008174,
          -0.006607,
          -0.00081,
          0.009873,
          0.013722,
          0.001796,
          0.01476,
          -0.009451,
          -0.00494,
          0.006079,
          -0.000914,
          -0.011339,
          -0.007321,
          -0.003248,
          0.003889,
          0.00714,
          0.003258,
          0.011961,
          0.005101,
          0.009797,
          -0.001946,
          0.013178,
          -0.001326,
          -0.002307,
          -0.007837,
          -0.010317,
          -0.013073,
          -0.014582,
          0.011255,
          -0.010444,
          0.007096,
          0.004034,
          -0.002859,
          -0.006055,
          0.004813,
          0.00406,
          -0.013021,
          -0.000576,
          0.000247,
          0.00164,
          -0.005511,
          0.013842,
          -0.009539,
          -0.004246,
          0.014065,
          0.010107,
          0.008493,
          0.006327,
          -0.013455,
          0.011437,
          -0.00641,
          0.001117,
          0.00583,
          0.006598,
          -0.009039,
          -6.1e-05,
          0.012638,
          -0.008574,
          -0.01392,
          0.008823,
          -0.014595,
          -0.000931,
          -0.006435,
          -0.012198,
          0.01498,
          -0.013229,
          0.014154,
          0.01495,
          -0.00279,
          0.003538,
          0.002138,
          0.007686,
          0.000903,
          -0.009524,
          0.001394,
          0.006299,
          -0.0058,
          0.013237,
          0.004604,
          0.00116,
          -0.013514,
          0.002521,
          0.007306,
          0.010178,
          0.000429,
          0.002641,
          0.012252,
          0.001016,
          -0.011366,
          -0.002613,
          -0.007612,
          -0.007734,
          0.00435,
          -0.013393,
          -0.008653,
          -0.00674,
          0.012799,
          -0.01158,
          -0.007134,
          -0.007769,
          -0.006863,
          -0.003832,
          -0.003621,
          -0.005389,
          0.004826,
          -0.011593,
          0.007537,
          0.001263,
          -0.001051,
          0.007516,
          0.012431,
          -0.007471,
          -0.005928,
          0.009453,
          -0.010859,
          -0.001247,
          0.005425,
          -0.012763,
          0.006877,
          0.000114,
          0.003647,
          -0.00865,
          -0.009351,
          0.002664,
          0.013638,
          -0.004252,
          0.014498,
          0.011155,
          -0.009995,
          0.004357,
          -0.006785,
          0.013319,
          0.002807,
          -0.00982,
          0.003504,
          0.000206,
          0.010203,
          -0.009782,
          -0.003399,
          -0.003212,
          0.012012,
          0.002753,
          0.0115,
          0.008798,
          -0.010544
        ],
        "sample_size": 200
      },
      "score": 6.381,
      "stage": "PAPER_SHADOW",
      "correlation_penalty": 0.0,
      "disabled_by_correlation": false,
      "active": true,
      "allocation_pct": 100.0,
      "correlation_cluster": "",
      "asset_class": "stocks",
      "timeframe": "5m",
      "category": "systematic",
      "regime_preference": [
        "TRENDING",
        "RANGING",
        "HIGH_VOL",
        "LOW_VOL",
        "CRASH"
      ]
    }
  ],
  "adaptation": {
    "action": "HOLD",
    "new_trade_risk_pct": 2.0,
    "reason": "No trades in session."
  },
  "institutional_exports": {
    "analytics_json": "reporting\\output\\institutional_analytics_20260304_072250.json",
    "equity_curve_csv": "reporting\\output\\equity_curve_20260304_072250.csv",
    "report_pdf": "reporting\\output\\institutional_report_20260304_072250.pdf"
  }
}